trialNumber,runNumber,visualSet,audioPair_1,audioPair_2,audioPair_3,tactilePair_1,tactilePair_2,tactilePair_3,visual,audio,tactile,combinationConditionalProbability,correctResponse,chosenKey,accurate,reward,runStartTime,trialStartTime,stimulusOnsetTime,stimulusOffsetTime,responsePressTime,responseTime,responseTimeOver,feedbackOnsetTime,responseTimeThreshold,totalAccuracy,totalErrorRate,accurateIndex,inaccurateIndex,feedbackAccuracy,feedbackOffsetTime,action,stimulusPair
1,1,0,0,2,1,2,0,1,1,,0.0,0.5,0.0,,,,11317.2913881,0.0068757999997615,3.47770013161789,5.08422129999963,6.47817690000011,,6.58430609999959,7.2222820310617,3,,,1,1,1,8.2222820310617,,"(1, 0)"
2,1,0,0,2,1,2,0,1,2,,1.0,0.5,0.0,2@,0.0,0.0,11317.2913881,8.23048980000021,11.1003976227657,12.6961661999994,13.2635663000001,2.16316867723435,14.1962669000004,15.2427180700288,3,0.0,1.0,1,1,1,16.2427180700288,1.0,"(2, 1)"
3,1,0,0,2,1,2,0,1,0,,2.0,0.5,0.0,4$,1.0,1.0,11317.2913881,16.2546958000003,19.3722912481735,20.9672339999997,21.7837834000002,2.41149215182668,22.4673320999991,23.0626988662316,3,0.5,0.5,1,2,1,24.0626988662316,0.0,"(0, 2)"
4,1,0,0,2,1,2,0,1,2,,1.0,0.5,0.0,2@,0.0,0.0,11317.2913881,24.0786515999989,27.5961483379451,29.1771974999992,29.8154028999998,2.21925456205463,30.6773264999993,31.7658337285593,3,0.333333333333333,0.666666666666667,2,2,1,32.7658337285593,1.0,"(2, 1)"
5,1,0,0,2,1,2,0,1,0,,0.0,0.35,1.0,4$,0.0,1.0,11317.2913881,32.7868077999992,35.1763284688295,36.7766935999989,37.2827574999992,2.10642903116968,38.2769568000003,38.8159542033063,3,0.25,0.75,2,3,0,39.8159542033063,0.0,"(0, 0)"
6,1,0,0,2,1,2,0,1,2,,2.0,0.35,1.0,2@,1.0,1.0,11317.2913881,39.8265424999991,42.2580048041546,43.8290954999993,44.2446605999994,1.98665579584485,45.3291750999997,45.9824934732169,3,0.4,0.6,2,4,1,46.9824934732169,1.0,"(2, 2)"
7,1,0,0,2,1,2,0,1,1,,0.0,0.5,0.0,2@,0.0,0.0,11317.2913881,46.9998495999989,51.4684016129413,53.0389748999987,53.3927356000004,1.92433398705907,54.5390152,55.7760607333712,3,0.333333333333333,0.666666666666667,3,4,1,56.7760607333712,1.0,"(1, 0)"
8,1,0,0,2,1,2,0,1,2,,1.0,0.5,0.0,4$,1.0,0.0,11317.2913881,56.7922933999998,59.4676873441222,61.0381175999992,61.6380675,2.17038015587787,62.5381579000004,63.700899745385,3,0.428571428571429,0.571428571428571,3,5,0,64.700899745385,0.0,"(2, 1)"
9,1,0,0,2,1,2,0,1,1,,2.0,0.15,1.0,4$,0.0,0.0,11317.2913881,64.7162881999993,68.3234503465719,69.8949097000004,70.8160324,2.49258205342812,71.3949503000003,72.5387194826799,3,0.375,0.625,4,5,1,73.5387194826799,0.0,"(1, 2)"
10,1,0,0,2,1,2,0,1,0,,1.0,0.15,1.0,2@,1.0,1.0,11317.2913881,73.542406999999,77.2160862214823,78.7861434999995,79.1430882000004,1.92700197851809,80.2861828000005,80.7909744867393,3,0.444444444444444,0.555555555555556,4,6,1,81.7909744867393,1.0,"(0, 1)"
11,1,0,0,2,1,2,0,1,2,,2.0,0.35,1.0,4$,0.0,0.0,11317.2913881,81.7987402999988,83.8103209850287,85.3808840000002,85.9153631999998,2.10504221497104,86.8809232000003,87.7330757702948,3,0.4,0.6,5,6,1,88.7330757702948,0.0,"(2, 2)"
12,1,0,0,2,1,2,0,1,1,,0.0,0.5,0.0,4$,1.0,1.0,11317.2913881,88.7385577999994,91.6483885658781,93.2188695999994,93.6236245999989,1.97523603412083,94.7189098999988,95.5612116684842,3,0.454545454545455,0.545454545454545,5,7,1,96.5612116684842,0.0,"(1, 0)"
13,1,0,0,2,1,2,0,1,0,,2.0,0.5,0.0,2@,0.0,0.0,11317.2913881,96.5792003999995,101.349533172408,102.920031599999,103.406031499999,2.05649832759082,104.42007,105.473957006261,3,0.416666666666667,0.583333333333333,6,7,1,106.473957006261,1.0,"(0, 2)"
14,1,0,0,2,1,2,0,1,2,,1.0,0.5,0.0,2@,0.0,0.0,11317.2913881,106.4882593,108.87321136494,110.4436167,110.8293252,1.95611383506002,111.943654999999,112.469730840734,3,0.384615384615385,0.615384615384615,6,8,1,113.469730840734,1.0,"(2, 1)"
15,1,0,0,2,1,2,0,1,0,,0.0,0.35,1.0,4$,0.0,1.0,11317.2913881,113.4780462,116.104077388172,117.6747899,118.0416816,1.93760421182742,119.1748283,120.129741984687,3,0.357142857142857,0.642857142857143,6,9,0,121.129741984687,0.0,"(0, 0)"
16,1,0,0,2,1,2,0,1,1,,1.0,0.35,1.0,2@,1.0,0.0,11317.2913881,121.135179499999,124.826389406197,126.396744899999,127.004327799999,2.17793839380283,127.896786399999,128.82050356026,3,0.4,0.6,6,10,0,129.82050356026,1.0,"(1, 1)"
17,1,0,0,2,1,2,0,1,2,,2.0,0.35,1.0,4$,0.0,0.0,11317.2913881,129.826632099999,134.19941888961,135.769948699999,136.5356013,2.33618241039039,137.269988599999,137.935193115965,3,0.375,0.625,7,10,1,138.935193115965,0.0,"(2, 2)"
18,1,0,0,2,1,2,0,1,1,,1.0,0.35,1.0,4$,0.0,0.0,11317.2913881,138.951745799999,142.597129984186,144.167398899999,144.6219661,2.02483611581374,145.667439299999,147.093492768221,3,0.352941176470588,0.647058823529412,7,11,1,148.093492768221,0.0,"(1, 1)"
19,1,0,0,2,1,2,0,1,0,,2.0,0.5,0.0,2@,0.0,0.0,11317.2913881,148.1101199,150.188198734524,151.758642699999,152.081593499999,1.89339476547502,153.2586813,154.254664690532,3,0.333333333333333,0.666666666666667,7,12,1,155.254664690532,1.0,"(0, 2)"
20,1,0,0,2,1,2,0,1,2,,0.0,0.15,1.0,4$,0.0,0.0,11317.2913881,155.266852999999,159.323195201641,160.8937279,161.4853644,2.16216919835824,162.393766699999,163.31665954631,3,0.315789473684211,0.684210526315789,7,13,1,164.31665954631,0.0,"(2, 0)"
21,1,0,0,2,1,2,0,1,1,,1.0,0.35,1.0,4$,0.0,0.0,11317.2913881,164.325035099999,167.906970439995,169.477544899999,169.704732799999,1.79776236000362,170.9775852,171.554844434288,3,0.3,0.7,7,14,1,172.554844434288,0.0,"(1, 1)"
22,1,0,0,2,1,2,0,1,0,,0.0,0.35,1.0,2@,1.0,1.0,11317.2913881,172.566147399999,174.821857776726,176.392401499999,176.9584737,2.1366159232748,177.8924408,178.805843788523,3,0.333333333333333,0.666666666666667,7,15,1,179.805843788523,1.0,"(0, 0)"
23,1,0,0,2,1,2,0,1,1,,2.0,0.15,1.0,4$,0.0,0.0,11317.2913881,179.822972799999,182.23581163173,183.806366699999,184.197028099999,1.96121646826941,185.306407599999,186.472757738997,3,0.318181818181818,0.681818181818182,8,15,1,187.472757738997,0.0,"(1, 2)"
24,1,0,0,2,1,2,0,1,2,,1.0,0.5,0.0,2@,0.0,1.0,11317.2913881,187.480188899999,190.134337197493,191.7045796,192.2416932,2.107356002507,193.204618599999,194.000902188844,3,0.304347826086957,0.695652173913043,8,16,0,195.000902188844,1.0,"(2, 1)"
25,1,0,0,2,1,2,0,1,0,,0.0,0.35,1.0,2@,1.0,1.0,11317.2913881,195.004864099999,199.331851360301,200.902471399999,202.049358099999,2.71750673969836,202.4025055,202.947099798663,3,0.333333333333333,0.666666666666667,8,17,1,203.947099798663,1.0,"(0, 0)"
26,1,0,0,2,1,2,0,1,2,,2.0,0.35,1.0,2@,1.0,1.0,11317.2913881,203.961765399999,208.335738915708,209.9063838,210.198637899999,1.86289898429095,211.4064232,212.832629255865,3,0.36,0.64,9,17,1,213.832629255865,1.0,"(2, 2)"
27,1,0,0,2,1,2,0,1,1,,0.0,0.5,0.0,4$,1.0,0.0,11317.2913881,213.837674799999,217.530857753145,219.1012018,219.769448699999,2.23859094685395,220.6012419,221.04070085977,3,0.384615384615385,0.615384615384615,10,17,0,222.04070085977,0.0,"(1, 0)"
28,1,0,0,2,1,2,0,1,2,,1.0,0.5,0.0,4$,1.0,1.0,11317.2913881,222.0451952,226.893352375404,228.4635081,228.5699938,1.6766414245958,229.9635471,231.341027035625,3,0.407407407407407,0.592592592592593,11,17,1,232.341027035625,0.0,"(2, 1)"
29,1,0,0,2,1,2,0,1,1,,0.0,0.5,0.0,2@,0.0,0.0,11317.2913881,232.354887399999,235.819457682048,237.389552999999,237.7246123,1.90515461795258,238.889592899999,240.059829646187,3,0.392857142857143,0.607142857142857,12,17,1,241.059829646187,1.0,"(1, 0)"
30,1,0,0,2,1,2,0,1,0,,1.0,0.15,1.0,4$,0.0,0.0,11317.2913881,241.063759499999,244.346177409956,245.916370299999,246.3089468,1.96276939004383,247.41641,248.635881674565,3,0.379310344827586,0.620689655172414,12,18,1,249.635881674565,0.0,"(0, 1)"
31,1,0,0,2,1,2,0,1,2,,0.0,0.15,1.0,2@,1.0,1.0,11317.2913881,249.639498099999,252.446293077588,254.0168247,254.631367099999,2.18507402241084,255.5168631,256.663746807892,3,0.4,0.6,12,19,1,257.663746807892,1.0,"(2, 0)"
32,1,0,0,2,1,2,0,1,0,,2.0,0.5,0.0,4$,1.0,1.0,11317.2913881,257.6783428,260.064744063167,261.6348223,262.1160657,2.05132163683265,263.134860599999,264.465159721942,3,0.419354838709677,0.580645161290323,13,19,1,265.465159721942,0.0,"(0, 2)"
33,1,0,0,2,1,2,0,1,1,,0.0,0.5,0.0,2@,0.0,0.0,11317.2913881,265.468740599999,268.134572390469,269.704478899999,270.0465614,1.91198900953168,271.2045189,272.050088603226,3,0.40625,0.59375,14,19,1,273.050088603226,1.0,"(1, 0)"
34,1,0,0,2,1,2,0,1,0,,2.0,0.5,0.0,4$,1.0,1.0,11317.2913881,273.0591479,276.884240842166,278.454399599999,278.991071999999,2.10683115783286,279.9544394,280.792187066256,3,0.424242424242424,0.575757575757576,14,20,1,281.792187066256,0.0,"(0, 2)"
35,1,0,0,2,1,2,0,1,2,,1.0,0.5,0.0,2@,0.0,0.0,11317.2913881,281.800643099999,284.28285442388,285.852915199999,286.4126282,2.12977377611969,287.352953699999,288.335115024192,3,0.411764705882353,0.588235294117647,15,20,1,289.335115024192,1.0,"(2, 1)"
36,1,0,0,2,1,2,0,1,1,,0.0,0.5,0.0,4$,1.0,0.0,11317.2913881,289.340989599999,292.290555878559,293.8605541,294.3709743,2.08041842144121,295.3605943,296.11674032225,3,0.428571428571429,0.571428571428571,15,21,0,297.11674032225,0.0,"(1, 0)"
37,1,0,0,2,1,2,0,1,2,,2.0,0.35,1.0,2@,1.0,1.0,11317.2913881,297.131541799999,300.66251832976,302.232936299999,302.873681499999,2.21116317023916,303.7329756,304.945355737354,3,0.444444444444444,0.555555555555556,16,21,1,305.945355737354,1.0,"(2, 2)"
38,1,0,0,2,1,2,0,1,1,,1.0,0.35,1.0,2@,1.0,1.0,11317.2913881,305.956312299999,308.12816973436,309.6985802,310.506623899999,2.37845416563869,311.198617799999,312.624157787748,3,0.459459459459459,0.540540540540541,17,21,1,313.624157787748,1.0,"(1, 1)"
39,1,0,0,2,1,2,0,1,0,,2.0,0.5,0.0,2@,0.0,1.0,11317.2913881,313.6300833,317.769531868136,319.3396959,320.1514269,2.38189503186368,320.839735199999,322.20395083591,3,0.447368421052632,0.552631578947368,18,21,0,323.20395083591,1.0,"(0, 2)"
40,1,0,0,2,1,2,0,1,1,,1.0,0.35,1.0,4$,0.0,0.0,11317.2913881,323.207748499999,326.251910523666,327.8223387,328.477523199999,2.22561267633318,329.322379400001,330.212661154339,3,0.435897435897436,0.564102564102564,18,22,1,331.212661154339,0.0,"(1, 1)"
41,1,0,0,2,1,2,0,1,0,,0.0,0.35,1.0,4$,0.0,0.0,11317.2913881,331.2298145,334.354148853829,335.924032299999,336.3989838,2.04483494617125,337.424071699999,338.139144979705,3,0.425,0.575,18,23,1,339.139144979705,0.0,"(0, 0)"
42,1,0,0,2,1,2,0,1,1,,1.0,0.35,1.0,2@,1.0,1.0,11317.2913881,339.1537895,342.807641505318,344.378371499999,344.749435,1.94179349468141,345.8784106,346.642124399546,3,0.439024390243902,0.560975609756098,18,24,1,347.642124399546,1.0,"(1, 1)"
43,1,0,0,2,1,2,0,1,0,,0.0,0.35,1.0,2@,1.0,1.0,11317.2913881,347.6462276,351.978270860114,353.549078599999,354.1833119,2.20504103988605,355.049116599999,355.499806807216,3,0.452380952380952,0.547619047619048,19,24,1,356.499806807216,1.0,"(0, 0)"
44,1,0,0,2,1,2,0,1,2,,2.0,0.35,1.0,4$,0.0,1.0,11317.2913881,356.503332799999,361.174379185806,362.7447202,363.122405799999,1.94802661419271,364.2447596,364.897739200496,3,0.441860465116279,0.558139534883721,20,24,0,365.897739200496,0.0,"(2, 2)"
45,1,0,0,2,1,2,0,1,1,,0.0,0.5,0.0,2@,0.0,0.0,11317.2913881,365.9118423,368.80673498503,370.3779111,370.7475051,1.94077011497029,371.8779509,372.921361856468,3,0.431818181818182,0.568181818181818,20,25,1,373.921361856468,1.0,"(1, 0)"
46,1,0,0,2,1,2,0,1,2,,2.0,0.35,1.0,4$,0.0,0.0,11317.2913881,373.9359972,376.680184733314,378.250673299999,378.5335841,1.85339936668606,379.750712499999,380.338580709984,3,0.422222222222222,0.577777777777778,20,26,1,381.338580709984,0.0,"(2, 2)"
47,1,0,0,2,1,2,0,1,0,,0.0,0.35,1.0,2@,1.0,0.0,11317.2913881,381.3427947,384.027711455794,385.5984463,386.008037599999,1.98032614420481,387.098486499999,387.67125733534,3,0.434782608695652,0.565217391304348,20,27,0,388.67125733534,1.0,"(0, 0)"
48,1,0,0,2,1,2,0,1,2,,1.0,0.5,0.0,2@,0.0,0.0,11317.2913881,388.6829077,391.36023749876,392.9304617,393.5403188,2.18008130123962,394.4305014,394.860994049734,3,0.425531914893617,0.574468085106383,21,27,1,395.860994049734,1.0,"(2, 1)"
49,1,0,0,2,1,2,0,1,0,,2.0,0.5,0.0,2@,0.0,0.0,11317.2913881,395.8729852,399.01348109784,400.584111799999,400.9925945,1.97911340215978,402.084149799999,402.875803022536,3,0.416666666666667,0.583333333333333,21,28,1,403.875803022536,1.0,"(0, 2)"
50,1,0,0,2,1,2,0,1,1,,0.0,0.5,0.0,2@,0.0,0.0,11317.2913881,403.880363799999,407.793275411053,409.363583099999,409.8278157,2.03454028894703,410.8636226,411.369297217214,3,0.408163265306122,0.591836734693878,21,29,1,412.369297217214,1.0,"(1, 0)"
51,1,0,0,2,1,2,0,1,2,,1.0,0.5,0.0,2@,0.0,0.0,11317.2913881,412.3729974,415.27993890882,416.850188999999,417.320864899999,2.04092599117939,418.3502293,418.895911936506,3,0.4,0.6,21,30,1,419.895911936506,1.0,"(2, 1)"
52,1,0,0,2,1,2,0,1,0,,2.0,0.5,0.0,4$,1.0,1.0,11317.2913881,419.9120047,423.716690062492,425.286597599999,426.2835672,2.56687713750762,426.786635799999,428.132961052184,3,0.411764705882353,0.588235294117647,21,31,1,429.132961052184,0.0,"(0, 2)"
53,1,0,0,2,1,2,0,1,1,,1.0,0.35,1.0,2@,1.0,1.0,11317.2913881,429.1369318,432.317887847055,433.8884834,433.9506289,1.63274105294477,435.388522899999,436.164277229493,3,0.423076923076923,0.576923076923077,22,31,1,437.164277229493,1.0,"(1, 1)"
54,1,0,0,2,1,2,0,1,0,,2.0,0.5,0.0,2@,0.0,0.0,11317.2913881,437.177907899999,440.172618286259,441.743513399999,441.9623498,1.78973151374157,443.243552599999,444.564768876024,3,0.415094339622642,0.584905660377358,23,31,1,445.564768876024,1.0,"(0, 2)"
55,1,0,0,2,1,2,0,1,1,,0.0,0.5,0.0,2@,0.0,1.0,11317.2913881,445.568938299999,449.305636529298,450.875635099999,451.2712911,1.9656545707021,452.3756756,452.853425804433,3,0.407407407407407,0.592592592592593,23,32,0,453.853425804433,1.0,"(1, 0)"
56,1,0,0,2,1,2,0,1,2,,1.0,0.5,0.0,4$,1.0,1.0,11317.2913881,453.859944599999,456.213164115889,457.7839487,458.122416599999,1.90925248411077,459.283988199999,459.820987230838,3,0.418181818181818,0.581818181818182,23,33,1,460.820987230838,0.0,"(2, 1)"
57,1,0,0,2,1,2,0,1,0,,2.0,0.5,0.0,2@,0.0,0.0,11317.2913881,460.832997399999,463.687642359588,465.259584699999,465.496415399999,1.80877304041132,466.7596378,468.005008715825,3,0.410714285714286,0.589285714285714,24,33,1,469.005008715825,1.0,"(0, 2)"
58,1,0,0,2,1,2,0,1,2,,0.0,0.15,1.0,4$,0.0,1.0,11317.2913881,469.0086725,471.200016943592,472.770368899999,473.2609321,2.06091515640765,474.270408299999,475.647850736488,3,0.403508771929825,0.596491228070176,24,34,0,476.647850736488,0.0,"(2, 0)"
59,1,0,0,2,1,2,0,1,0,,1.0,0.15,1.0,4$,0.0,0.0,11317.2913881,476.664516699999,479.561975342634,481.132374999999,481.475485199999,1.91350985736426,482.632413899999,483.903011708398,3,0.396551724137931,0.603448275862069,24,35,1,484.903011708398,0.0,"(0, 1)"
60,1,0,0,2,1,2,0,1,1,,2.0,0.15,1.0,2@,1.0,1.0,11317.2913881,484.9066559,487.568465514205,489.1382768,489.342287199999,1.77382168579425,490.638316299999,491.389802126172,3,0.406779661016949,0.593220338983051,24,36,1,492.389802126172,1.0,"(1, 2)"
1,2,1,0,2,1,2,0,1,1,2.0,,0.5,0.0,,,,11872.1556494,0.0009358000006614,2.96938802887053,4.47244320000027,5.96950130000005,,5.97248609999951,6.63173926169657,3,,,1,1,1,7.63173926169657,,"(1, 2)"
2,2,1,0,2,1,2,0,1,0,0.0,,0.5,0.0,2@,0.0,1.0,11872.1556494,7.6462274000005,10.3870947836458,11.8894775000008,12.1405498000004,1.75345501635456,13.3895174999998,14.0957949223448,3,0.0,1.0,1,1,0,15.0957949223448,1.0,"(0, 0)"
3,2,1,0,2,1,2,0,1,2,1.0,,0.5,0.0,4$,1.0,1.0,11872.1556494,15.1032199000001,19.5258726305256,21.1080280000006,20.9759585000011,1.45008586947552,22.6082416999998,23.0401312159956,3,0.5,0.5,1,2,1,24.0401312159956,0.0,"(2, 1)"
4,2,1,0,2,1,2,0,1,1,2.0,,0.5,0.0,2@,0.0,0.0,11872.1556494,24.0447437000003,26.8934729986504,28.4720842000006,28.3411895999998,1.44771660134938,29.9721250000002,30.9625248129596,3,0.333333333333333,0.666666666666667,2,2,1,31.9625248129596,1.0,"(1, 2)"
5,2,1,0,2,1,2,0,1,0,0.0,,0.5,0.0,2@,0.0,0.0,11872.1556494,31.9688285000011,36.722724557987,38.3493256000002,38.2182474000001,1.49552284201309,39.8493653999994,40.5484952866955,3,0.25,0.75,2,3,1,41.5484952866955,1.0,"(0, 0)"
6,2,1,0,2,1,2,0,1,2,1.0,,0.5,0.0,4$,1.0,1.0,11872.1556494,41.5611038999996,43.7427542930418,45.3358036999998,45.2032216000007,1.46046730695889,46.8358442999997,47.3187417150275,3,0.4,0.6,2,4,1,48.3187417150275,0.0,"(2, 1)"
7,2,1,0,2,1,2,0,1,0,0.0,,0.5,0.0,2@,0.0,0.0,11872.1556494,48.3339218000001,50.3384609910863,51.8408907000012,51.9512372000008,1.61277620891451,53.3409296999998,53.9060991213009,3,0.333333333333333,0.666666666666667,3,4,1,54.9060991213009,1.0,"(0, 0)"
8,2,1,0,2,1,2,0,1,1,2.0,,0.5,0.0,4$,1.0,0.0,11872.1556494,54.9234548000004,57.1260415874276,58.6283614000004,58.7533638000004,1.62732221257284,60.1284006000005,61.5118658568081,3,0.428571428571429,0.571428571428571,3,5,0,62.5118658568081,0.0,"(1, 2)"
9,2,1,0,2,1,2,0,1,2,0.0,,0.35,1.0,4$,0.0,0.0,11872.1556494,62.515567800001,65.2554097696266,66.7579593000009,66.7886920000001,1.53328223037352,68.2579974,69.0733737075516,3,0.375,0.625,4,5,1,70.0733737075516,0.0,"(2, 0)"
10,2,1,0,2,1,2,0,1,1,1.0,,0.35,1.0,4$,0.0,0.0,11872.1556494,70.0874949999998,74.5949683609306,76.0973171000005,76.3492566000004,1.75428823906987,77.5973566000011,78.1753396762797,3,0.333333333333333,0.666666666666667,4,6,1,79.1753396762797,0.0,"(1, 1)"
11,2,1,0,2,1,2,0,1,2,0.0,,0.35,1.0,2@,1.0,1.0,11872.1556494,79.1791419000001,82.1925159213279,83.6865581000002,83.5521050000007,1.3595890786728,85.1866344000009,85.7322910609528,3,0.4,0.6,4,7,1,86.7322910609528,1.0,"(2, 0)"
12,2,1,0,2,1,2,0,1,0,2.0,,0.35,1.0,4$,0.0,0.0,11872.1556494,86.7531297999994,90.9216677095519,92.4242527999995,92.4817225000006,1.5600547904487,93.9242924000009,94.4918790604424,3,0.363636363636364,0.636363636363636,5,7,1,95.4918790604424,0.0,"(0, 2)"
13,2,1,0,2,1,2,0,1,2,1.0,,0.5,0.0,4$,1.0,1.0,11872.1556494,95.4958122999997,99.9991499998723,101.622626,101.490928499999,1.49177850012711,103.122666499999,103.616898312721,3,0.416666666666667,0.583333333333333,5,8,1,104.616898312721,0.0,"(2, 1)"
14,2,1,0,2,1,2,0,1,1,0.0,,0.15,1.0,2@,1.0,1.0,11872.1556494,104.620736700001,109.558092272715,111.0602805,111.347090000001,1.78899772728619,112.560320500001,113.404564477452,3,0.461538461538462,0.538461538461538,6,8,1,114.404564477452,1.0,"(1, 0)"
15,2,1,0,2,1,2,0,1,2,1.0,,0.5,0.0,4$,1.0,1.0,11872.1556494,114.4118039,117.864815318204,119.367166400001,119.5229886,1.65817328179583,120.8672049,121.510519594178,3,0.5,0.5,7,8,1,122.510519594178,0.0,"(2, 1)"
16,2,1,0,2,1,2,0,1,0,2.0,,0.35,1.0,2@,1.0,0.0,11872.1556494,122.5194336,127.212110623699,128.7145461,129.0185814,1.80647077630056,130.214585,131.242766474248,3,0.533333333333333,0.466666666666667,8,8,0,132.242766474248,1.0,"(0, 2)"
17,2,1,0,2,1,2,0,1,1,1.0,,0.35,1.0,2@,1.0,1.0,11872.1556494,132.2466085,134.456632164838,135.9589459,136.4856963,2.02906413516212,137.458984700001,138.025970596773,3,0.5625,0.4375,9,8,1,139.025970596773,1.0,"(1, 1)"
18,2,1,0,2,1,2,0,1,2,2.0,,0.15,1.0,2@,1.0,1.0,11872.1556494,139.0346579,143.506572479277,145.0091801,145.139603699999,1.63303122072284,146.509222300001,147.061870814478,3,0.588235294117647,0.411764705882353,10,8,1,148.061870814478,1.0,"(2, 2)"
19,2,1,0,2,1,2,0,1,0,1.0,,0.15,1.0,2@,1.0,1.0,11872.1556494,148.0763604,152.077159015242,153.5797157,154.192184699999,2.11502568475771,155.079754599999,156.007414462754,3,0.611111111111111,0.388888888888889,11,8,1,157.007414462754,1.0,"(0, 1)"
20,2,1,0,2,1,2,0,1,2,0.0,,0.35,1.0,2@,1.0,0.0,11872.1556494,157.0180251,161.193717045546,162.6961992,162.9132482,1.71953115445467,164.1962463,165.16545787319,3,0.631578947368421,0.368421052631579,12,8,0,166.16545787319,1.0,"(2, 0)"
21,2,1,0,2,1,2,0,1,0,1.0,,0.15,1.0,2@,1.0,1.0,11872.1556494,166.176467700001,169.554481846581,171.056990500001,171.0849961,1.53051425341982,172.557029699999,173.324941581912,3,0.65,0.35,13,8,1,174.324941581912,1.0,"(0, 1)"
22,2,1,0,2,1,2,0,1,1,2.0,,0.5,0.0,2@,0.0,1.0,11872.1556494,174.333936999999,176.726671385306,178.3156249,178.178239000001,1.4515676146948,179.815665,180.27590163608,3,0.619047619047619,0.380952380952381,14,8,0,181.27590163608,1.0,"(1, 2)"
23,2,1,0,2,1,2,0,1,0,0.0,,0.5,0.0,4$,1.0,1.0,11872.1556494,181.2904684,184.41883112315,186.0569237,185.9182248,1.49939367684965,187.556964700001,188.65651785497,3,0.636363636363636,0.363636363636364,14,9,1,189.65651785497,0.0,"(0, 0)"
24,2,1,0,2,1,2,0,1,1,2.0,,0.5,0.0,2@,0.0,0.0,11872.1556494,189.664757500001,191.979536887789,193.481886699999,193.595984900001,1.61644801221155,194.981926,196.353747699719,3,0.608695652173913,0.391304347826087,15,9,1,197.353747699719,1.0,"(1, 2)"
25,2,1,0,2,1,2,0,1,0,0.0,,0.5,0.0,4$,1.0,1.0,11872.1556494,197.3575987,199.987675845186,201.4900941,201.6809285,1.69325265481348,202.990137300001,203.773947748818,3,0.625,0.375,15,10,1,204.773947748818,0.0,"(0, 0)"
26,2,1,0,2,1,2,0,1,2,1.0,,0.5,0.0,4$,1.0,1.0,11872.1556494,204.778847900001,208.502354347798,210.0048353,210.276030000001,1.77367565220266,211.504875099999,212.028855604887,3,0.64,0.36,16,10,1,213.028855604887,0.0,"(2, 1)"
27,2,1,0,2,1,2,0,1,1,2.0,,0.5,0.0,2@,0.0,0.0,11872.1556494,213.036520600001,216.362886306419,217.865632999999,218.2295256,1.8666392935811,219.365672400001,220.795780282235,3,0.615384615384615,0.384615384615385,17,10,1,221.795780282235,1.0,"(1, 2)"
28,2,1,0,2,1,2,0,1,2,1.0,,0.5,0.0,4$,1.0,1.0,11872.1556494,221.8114706,224.492953419285,225.995477500001,226.318481100001,1.82552768071582,227.4955178,228.100886494236,3,0.62962962962963,0.37037037037037,17,11,1,229.100886494236,0.0,"(2, 1)"
29,2,1,0,2,1,2,0,1,0,2.0,,0.35,1.0,2@,1.0,1.0,11872.1556494,229.118162500001,232.03507524045,233.537406200001,233.9132293,1.87815405955007,235.037447000001,235.818279349736,3,0.642857142857143,0.357142857142857,18,11,1,236.818279349736,1.0,"(0, 2)"
30,2,1,0,2,1,2,0,1,1,1.0,,0.35,1.0,2@,1.0,0.0,11872.1556494,236.825264000001,240.685955217163,242.163355800001,242.025932,1.33997678283777,243.6633955,244.361342482334,3,0.655172413793103,0.344827586206897,19,11,0,245.361342482334,1.0,"(1, 1)"
31,2,1,0,2,1,2,0,1,2,0.0,,0.35,1.0,2@,1.0,1.0,11872.1556494,245.3663935,248.101965157452,249.6043496,249.833136700001,1.73117154254942,251.1043892,252.366947789364,3,0.666666666666667,0.333333333333333,20,11,1,253.366947789364,1.0,"(2, 0)"
32,2,1,0,2,1,2,0,1,1,2.0,,0.5,0.0,2@,0.0,0.0,11872.1556494,253.373754800001,256.15830275245,257.6606123,258.0536956,1.89539284754937,259.1606514,260.505873937862,3,0.645161290322581,0.354838709677419,21,11,1,261.505873937862,1.0,"(1, 2)"
33,2,1,0,2,1,2,0,1,2,0.0,,0.35,1.0,4$,0.0,1.0,11872.1556494,261.514742700001,265.227140512347,266.7297942,266.7341848,1.50704428765312,268.229835,269.408257350797,3,0.625,0.375,21,12,0,270.408257350797,0.0,"(2, 0)"
34,2,1,0,2,1,2,0,1,1,1.0,,0.35,1.0,2@,1.0,1.0,11872.1556494,270.422966100001,273.003419551122,274.505903200001,274.835126400001,1.83170684887955,276.0059427,276.885634211887,3,0.636363636363636,0.363636363636364,21,13,1,277.885634211887,1.0,"(1, 1)"
35,2,1,0,2,1,2,0,1,2,2.0,,0.15,1.0,2@,1.0,1.0,11872.1556494,277.8965333,281.198426819636,282.7013042,283.322093300001,2.1236664803655,284.2013436,284.897235538312,3,0.647058823529412,0.352941176470588,22,13,1,285.897235538312,1.0,"(2, 2)"
36,2,1,0,2,1,2,0,1,1,1.0,,0.35,1.0,2@,1.0,1.0,11872.1556494,285.9040405,288.512662485296,290.027607800001,289.890903400001,1.37824091470429,291.527649600001,292.028719956435,3,0.657142857142857,0.342857142857143,23,13,1,293.028719956435,1.0,"(1, 1)"
37,2,1,0,2,1,2,0,1,0,0.0,,0.5,0.0,2@,0.0,0.0,11872.1556494,293.0439291,297.23843228284,298.7412374,299.0466547,1.80822241715941,300.2412792,301.050721495791,3,0.638888888888889,0.361111111111111,24,13,1,302.050721495791,1.0,"(0, 0)"
38,2,1,0,2,1,2,0,1,2,1.0,,0.5,0.0,4$,1.0,0.0,11872.1556494,302.0542405,304.055761232496,305.558234600001,305.6692043,1.6134430675047,307.0582743,308.509705344526,3,0.648648648648649,0.351351351351351,24,14,0,309.509705344526,0.0,"(2, 1)"
39,2,1,0,2,1,2,0,1,0,2.0,,0.35,1.0,2@,1.0,1.0,11872.1556494,309.525897,311.669168523931,313.1714381,313.436172400001,1.76700387606979,314.6714761,315.308366947495,3,0.657894736842105,0.342105263157895,25,14,1,316.308366947495,1.0,"(0, 2)"
40,2,1,0,2,1,2,0,1,1,0.0,,0.15,1.0,2@,1.0,1.0,11872.1556494,316.315540200001,320.429420809884,321.9318982,322.208936999999,1.77951619011583,323.4319383,324.172980097424,3,0.666666666666667,0.333333333333333,26,14,1,325.172980097424,1.0,"(1, 0)"
41,2,1,0,2,1,2,0,1,2,1.0,,0.5,0.0,2@,0.0,0.0,11872.1556494,325.1905709,328.41862454564,329.9211347,330.459039900001,2.04041535436045,331.421173300001,332.880482071259,3,0.65,0.35,27,14,1,333.880482071259,1.0,"(2, 1)"
42,2,1,0,2,1,2,0,1,0,0.0,,0.5,0.0,2@,0.0,0.0,11872.1556494,333.8842575,336.697741500104,338.200200400001,338.308942900001,1.61120139989725,339.7002405,340.697620668574,3,0.634146341463415,0.365853658536585,27,15,1,341.697620668574,1.0,"(0, 0)"
43,2,1,0,2,1,2,0,1,1,2.0,,0.5,0.0,2@,0.0,0.0,11872.1556494,341.705632700001,344.38224636982,345.8851729,346.103138300001,1.7208919301811,347.3852136,348.795170643607,3,0.619047619047619,0.380952380952381,27,16,1,349.795170643607,1.0,"(1, 2)"
44,2,1,0,2,1,2,0,1,0,0.0,,0.5,0.0,2@,0.0,0.0,11872.1556494,349.813274300001,354.335946665622,355.8383359,356.102109200001,1.76616253437896,357.338392600001,358.663910772762,3,0.604651162790698,0.395348837209302,27,17,1,359.663910772762,1.0,"(0, 0)"
45,2,1,0,2,1,2,0,1,1,1.0,,0.35,1.0,2@,1.0,1.0,11872.1556494,359.6724297,362.418439814159,363.920997200001,364.1400024,1.72156258584073,365.4210377,366.638740114569,3,0.613636363636364,0.386363636363636,27,18,1,367.638740114569,1.0,"(1, 1)"
46,2,1,0,2,1,2,0,1,2,2.0,,0.15,1.0,4$,0.0,0.0,11872.1556494,367.646339700001,370.842006945626,372.344379600001,372.525240200001,1.6832332543745,373.844418500001,374.526814764518,3,0.6,0.4,28,18,1,375.526814764518,0.0,"(2, 2)"
47,2,1,0,2,1,2,0,1,0,1.0,,0.15,1.0,2@,1.0,0.0,11872.1556494,375.5370578,377.536059345726,379.0389622,379.2039859,1.66792655427344,380.539002400001,381.468794013343,3,0.608695652173913,0.391304347826087,28,19,0,382.468794013343,1.0,"(0, 1)"
48,2,1,0,2,1,2,0,1,2,0.0,,0.35,1.0,4$,0.0,0.0,11872.1556494,382.476786700001,385.686159207817,387.1889618,387.7641141,2.0779548921837,388.6890023,389.618942073123,3,0.595744680851064,0.404255319148936,29,19,1,390.618942073123,0.0,"(2, 0)"
49,2,1,0,2,1,2,0,1,0,2.0,,0.35,1.0,4$,0.0,1.0,11872.1556494,390.634249300001,394.953704222429,396.5623141,396.4221698,1.4684655775709,398.0623545,399.203586609663,3,0.583333333333333,0.416666666666667,29,20,0,400.203586609663,0.0,"(0, 2)"
50,2,1,0,2,1,2,0,1,2,1.0,,0.5,0.0,4$,1.0,1.0,11872.1556494,400.2099282,402.339951447197,403.8284721,403.6902969,1.35034545280359,405.3285115,406.031126978054,3,0.591836734693878,0.408163265306122,29,21,1,407.031126978054,0.0,"(2, 1)"
51,2,1,0,2,1,2,0,1,1,0.0,,0.15,1.0,2@,1.0,1.0,11872.1556494,407.0346998,411.271127730921,412.77378,413.1071044,1.83597666907917,414.2738195,414.951518049209,3,0.6,0.4,30,21,1,415.951518049209,1.0,"(1, 0)"
52,2,1,0,2,1,2,0,1,0,2.0,,0.35,1.0,2@,1.0,1.0,11872.1556494,415.9578473,419.681057848997,421.1328397,420.993051700001,1.31199385100444,422.632894300001,423.928407306517,3,0.607843137254902,0.392156862745098,31,21,1,424.928407306517,1.0,"(0, 2)"
53,2,1,0,2,1,2,0,1,1,1.0,,0.35,1.0,4$,0.0,0.0,11872.1556494,424.932667999999,428.311680307561,429.814012700001,429.817580000001,1.50589969243993,431.314053,432.462436104064,3,0.596153846153846,0.403846153846154,32,21,1,433.462436104064,0.0,"(1, 1)"
54,2,1,0,2,1,2,0,1,0,2.0,,0.35,1.0,2@,1.0,1.0,11872.1556494,433.4739348,436.329507053732,437.6478283,437.5061164,1.17660934626838,439.147869,440.447513548212,3,0.60377358490566,0.39622641509434,32,22,1,441.447513548212,1.0,"(0, 2)"
55,2,1,0,2,1,2,0,1,2,1.0,,0.5,0.0,4$,1.0,1.0,11872.1556494,441.464816200001,444.867240790627,446.245105600001,446.1082398,1.2409990093729,447.7451463,448.839336640774,3,0.611111111111111,0.388888888888889,33,22,1,449.839336640774,0.0,"(2, 1)"
56,2,1,0,2,1,2,0,1,0,0.0,,0.5,0.0,4$,1.0,1.0,11872.1556494,449.855842299999,453.916317744905,455.418739500001,455.5596848,1.64336705509595,456.9187795,458.352274895447,3,0.618181818181818,0.381818181818182,34,22,1,459.352274895447,0.0,"(0, 0)"
57,2,1,0,2,1,2,0,1,1,2.0,,0.5,0.0,2@,0.0,1.0,11872.1556494,459.364702700001,461.532823678397,462.9510335,462.8118877,1.27906402160261,464.451080300001,465.441900431688,3,0.607142857142857,0.392857142857143,35,22,0,466.441900431688,1.0,"(1, 2)"
58,2,1,0,2,1,2,0,1,2,0.0,,0.35,1.0,2@,1.0,0.0,11872.1556494,466.454439900001,470.988353373961,472.490645899999,472.72435,1.7359966260392,473.9906871,474.907193620586,3,0.614035087719298,0.385964912280702,35,23,0,475.907193620586,1.0,"(2, 0)"
59,2,1,0,2,1,2,0,1,1,2.0,,0.5,0.0,2@,0.0,0.0,11872.1556494,475.913426200001,478.620667689142,480.069554900001,479.927153099999,1.30648541085793,481.569595500001,482.242122659683,3,0.603448275862069,0.396551724137931,36,23,1,483.242122659683,1.0,"(1, 2)"
60,2,1,0,2,1,2,0,1,0,0.0,,0.5,0.0,2@,0.0,0.0,11872.1556494,483.253499300001,488.045261847552,489.4592521,489.3218388,1.27657695244852,490.9592933,492.30987449965,3,0.593220338983051,0.406779661016949,36,24,1,493.30987449965,1.0,"(0, 0)"
1,3,2,0,2,1,2,0,1,0,,2.0,0.5,0.0,4$,1.0,1.0,12600.0250222,0.0009346000006189,2.2075770762458,3.78032460000031,4.09273820000089,1.8851611237551,5.28036430000066,6.24258346308852,3,1.0,0.0,1,1,1,7.24258346308852,0.0,"(0, 2)"
2,3,2,0,2,1,2,0,1,1,,1.0,0.35,1.0,2@,1.0,1.0,12600.0250222,7.25052870000036,11.4497872554512,13.0207473000009,13.345530300001,1.89574304454982,14.5207862999996,15.3984944355961,3,1.0,0.0,2,1,1,16.3984944355961,1.0,"(1, 1)"
3,3,2,0,2,1,2,0,1,2,,2.0,0.35,1.0,2@,1.0,1.0,12600.0250222,16.4089999999997,19.8745131355772,21.4453149000001,21.7425825999999,1.86806946442266,22.9453549000009,23.968447757341,3,1.0,0.0,3,1,1,24.968447757341,1.0,"(2, 2)"
4,3,2,0,2,1,2,0,1,1,,0.0,0.5,0.0,4$,1.0,1.0,12600.0250222,24.9837052000003,28.4336039878581,30.0043464999999,30.3881541999999,1.95455021214184,31.5043872000006,32.4160738203464,3,1.0,0.0,4,1,1,33.4160738203464,0.0,"(1, 0)"
5,3,2,0,2,1,2,0,1,2,,1.0,0.5,0.0,2@,0.0,0.0,12600.0250222,33.4248590000007,36.071813325947,37.6429511000006,38.1615925000006,2.08977917405355,39.1429900000003,39.9488725867741,3,0.8,0.2,5,1,1,40.9488725867741,1.0,"(2, 1)"
6,3,2,0,2,1,2,0,1,0,,0.0,0.35,1.0,4$,0.0,0.0,12600.0250222,40.9651976000005,44.4735408320284,46.1693000000014,45.9627184000001,1.48917756797164,47.6693412000004,48.7433302352511,3,0.666666666666667,0.333333333333333,5,2,1,49.7433302352511,0.0,"(0, 0)"
7,3,2,0,2,1,2,0,1,2,,1.0,0.5,0.0,2@,0.0,1.0,12600.0250222,49.7567070000005,52.6209804364062,54.1920245000001,54.7955992999996,2.17461886359342,55.6920638000011,56.1993161833743,3,0.571428571428571,0.428571428571429,5,3,0,57.1993161833743,1.0,"(2, 1)"
8,3,2,0,2,1,2,0,1,0,,2.0,0.5,0.0,4$,1.0,1.0,12600.0250222,57.2135665000005,60.1618571999825,61.7331310999998,62.2521175000002,2.09026030001769,63.2332192000013,63.8007986193261,3,0.625,0.375,5,4,1,64.8007986193261,0.0,"(0, 2)"
9,3,2,0,2,1,2,0,1,1,,0.0,0.5,0.0,2@,0.0,0.0,12600.0250222,64.8052152,67.114048802614,68.6849657000002,69.2195792000002,2.10553039738625,70.185004500001,71.4522449229389,3,0.555555555555556,0.444444444444444,6,4,1,72.4522449229389,1.0,"(1, 0)"
10,3,2,0,2,1,2,0,1,0,,2.0,0.5,0.0,2@,0.0,0.0,12600.0250222,72.4609971999998,74.6917093228785,76.2625509999998,77.0163929000009,2.32468357712241,77.7625927999998,78.4989644443449,3,0.5,0.5,6,5,1,79.4989644443449,1.0,"(0, 2)"
11,3,2,0,2,1,2,0,1,1,,0.0,0.5,0.0,4$,1.0,1.0,12600.0250222,79.5026235000005,82.8504986118878,84.4213803000002,85.0933839999998,2.24288538811197,85.9214196000012,86.5467098606114,3,0.545454545454545,0.454545454545455,6,6,1,87.5467098606114,0.0,"(1, 0)"
12,3,2,0,2,1,2,0,1,2,,1.0,0.5,0.0,2@,0.0,0.0,12600.0250222,87.5582355000006,90.7218152894457,92.2926868000013,92.8037514999996,2.08193621055398,93.7928013000001,94.944295922749,3,0.5,0.5,7,6,1,95.944295922749,1.0,"(2, 1)"
13,3,2,0,2,1,2,0,1,1,,0.0,0.5,0.0,4$,1.0,1.0,12600.0250222,95.9494083000009,99.8287822593502,101.400072100001,101.9406535,2.11187124064963,102.900111000001,103.88171070371,3,0.538461538461538,0.461538461538462,7,7,1,104.88171070371,0.0,"(1, 0)"
14,3,2,0,2,1,2,0,1,0,,1.0,0.15,1.0,2@,1.0,1.0,12600.0250222,104.890968900001,107.568732587984,109.140196600001,109.7406297,2.17189711201536,110.640236400001,111.197496366098,3,0.571428571428571,0.428571428571429,8,7,1,112.197496366098,1.0,"(0, 1)"
15,3,2,0,2,1,2,0,1,2,,0.0,0.15,1.0,4$,0.0,0.0,12600.0250222,112.2146132,114.469207160169,116.040429000001,116.546253300001,2.07704613983151,117.540483700001,118.411607427935,3,0.533333333333333,0.466666666666667,9,7,1,119.411607427935,0.0,"(2, 0)"
16,3,2,0,2,1,2,0,1,1,,1.0,0.35,1.0,2@,1.0,0.0,12600.0250222,119.4210841,122.587570293141,124.1584332,124.5126777,1.92510740685975,125.6584764,126.380147302856,3,0.5625,0.4375,9,8,0,127.380147302856,1.0,"(1, 1)"
17,3,2,0,2,1,2,0,1,2,,2.0,0.35,1.0,4$,0.0,0.0,12600.0250222,127.395194800001,129.67401162128,131.2448742,131.6155867,1.94157507871932,132.7449127,133.519659212971,3,0.529411764705882,0.470588235294118,10,8,1,134.519659212971,0.0,"(2, 2)"
18,3,2,0,2,1,2,0,1,1,,1.0,0.35,1.0,2@,1.0,1.0,12600.0250222,134.5351629,138.730352666978,140.3011427,140.6996664,1.96931373302141,141.8011824,142.277858433583,3,0.555555555555556,0.444444444444444,10,9,1,143.277858433583,1.0,"(1, 1)"
19,3,2,0,2,1,2,0,1,0,,0.0,0.35,1.0,2@,1.0,1.0,12600.0250222,143.2932439,145.44900744261,147.019785,147.0198654,1.57085795738931,148.519824700001,149.183905852651,3,0.578947368421053,0.421052631578947,11,9,1,150.183905852651,1.0,"(0, 0)"
20,3,2,0,2,1,2,0,1,1,,2.0,0.15,1.0,4$,0.0,0.0,12600.0250222,150.199833800001,152.398598087013,153.969817700001,154.4264055,2.02780741298739,155.469870300001,156.332602241733,3,0.55,0.45,12,9,1,157.332602241733,0.0,"(1, 2)"
21,3,2,0,2,1,2,0,1,0,,0.0,0.35,1.0,2@,1.0,1.0,12600.0250222,157.3396287,159.826947583913,161.397688700001,161.787023700001,1.96007611608729,162.897746300001,163.497587304097,3,0.571428571428571,0.428571428571429,12,10,1,164.497587304097,1.0,"(0, 0)"
22,3,2,0,2,1,2,0,1,2,,1.0,0.5,0.0,4$,1.0,1.0,12600.0250222,164.5128946,168.473831927318,170.044661900001,170.513466800001,2.03963487268265,171.544702000001,172.811307296703,3,0.590909090909091,0.409090909090909,13,10,1,173.811307296703,0.0,"(2, 1)"
23,3,2,0,2,1,2,0,1,0,,0.0,0.35,1.0,2@,1.0,1.0,12600.0250222,173.8215325,177.76898271006,179.339860600001,180.2794679,2.51048518993957,180.8399013,181.338545443685,3,0.608695652173913,0.391304347826087,14,10,1,182.338545443685,1.0,"(0, 0)"
24,3,2,0,2,1,2,0,1,2,,2.0,0.35,1.0,4$,0.0,0.0,12600.0250222,182.3461357,184.896152566713,186.4670553,186.667779400001,1.77162683328788,187.967094900001,188.623443074601,3,0.583333333333333,0.416666666666667,15,10,1,189.623443074601,0.0,"(2, 2)"
25,3,2,0,2,1,2,0,1,1,,1.0,0.35,1.0,2@,1.0,1.0,12600.0250222,189.6362305,192.414808242247,193.985679000001,194.463877,2.04906875775305,195.4858542,196.767364641137,3,0.6,0.4,15,11,1,197.767364641137,1.0,"(1, 1)"
26,3,2,0,2,1,2,0,1,0,,2.0,0.5,0.0,4$,1.0,0.0,12600.0250222,197.776967,201.48026637717,203.0515309,203.1775167,1.69725032282986,204.5515703,205.933140887515,3,0.615384615384615,0.384615384615385,16,11,0,206.933140887515,0.0,"(0, 2)"
27,3,2,0,2,1,2,0,1,2,,0.0,0.15,1.0,2@,1.0,1.0,12600.0250222,206.936900100001,209.710721380261,211.281628300001,211.6865352,1.97581381973941,212.7816685,213.51634699589,3,0.62962962962963,0.37037037037037,17,11,1,214.51634699589,1.0,"(2, 0)"
28,3,2,0,2,1,2,0,1,0,,2.0,0.5,0.0,2@,0.0,0.0,12600.0250222,214.5259941,219.50826067396,221.0796338,221.6467261,2.13846542604006,222.5796737,223.381227402146,3,0.607142857142857,0.392857142857143,18,11,1,224.381227402146,1.0,"(0, 2)"
29,3,2,0,2,1,2,0,1,1,,0.0,0.5,0.0,2@,0.0,0.0,12600.0250222,224.402014000001,227.614132859324,229.1853801,230.3363606,2.72222774067632,230.6854188,231.238062802095,3,0.586206896551724,0.413793103448276,18,12,1,232.238062802095,1.0,"(1, 0)"
30,3,2,0,2,1,2,0,1,2,,1.0,0.5,0.0,4$,1.0,1.0,12600.0250222,232.2421825,234.479771713826,236.050463700001,236.5580811,2.07830938617371,237.5505242,238.280678408159,3,0.6,0.4,18,13,1,239.280678408159,0.0,"(2, 1)"
31,3,2,0,2,1,2,0,1,1,,2.0,0.15,1.0,2@,1.0,0.0,12600.0250222,239.2845497,244.092140114321,245.663431700001,245.8697641,1.77762398567938,247.1635797,247.595268340894,3,0.612903225806452,0.387096774193548,19,13,0,248.595268340894,1.0,"(1, 2)"
32,3,2,0,2,1,2,0,1,0,,0.0,0.35,1.0,4$,0.0,0.0,12600.0250222,248.607408200001,251.72425255807,253.295270300001,253.6316496,1.90739704193038,254.7953101,256.121486632481,3,0.59375,0.40625,20,13,1,257.121486632481,0.0,"(0, 0)"
33,3,2,0,2,1,2,0,1,1,,1.0,0.35,1.0,2@,1.0,1.0,12600.0250222,257.1319614,259.444966842393,261.015436,261.249481300001,1.80451445760809,262.515476,263.876912842632,3,0.606060606060606,0.393939393939394,20,14,1,264.876912842632,1.0,"(1, 1)"
34,3,2,0,2,1,2,0,1,0,,2.0,0.5,0.0,2@,0.0,0.0,12600.0250222,264.889167700001,268.444909326456,270.01583,270.431653,1.98674367354397,271.5158689,272.324655865856,3,0.588235294117647,0.411764705882353,21,14,1,273.324655865856,1.0,"(0, 2)"
35,3,2,0,2,1,2,0,1,2,,1.0,0.5,0.0,4$,1.0,1.0,12600.0250222,273.330383800001,275.413625009262,276.9854204,277.330573400001,1.91694839073898,278.485461,279.880255640957,3,0.6,0.4,21,15,1,280.880255640957,0.0,"(2, 1)"
36,3,2,0,2,1,2,0,1,0,,2.0,0.5,0.0,2@,0.0,0.0,12600.0250222,280.8872539,284.467406445059,286.037968100001,286.11873,1.65132355494097,287.538009100001,288.797654343392,3,0.583333333333333,0.416666666666667,22,15,1,289.797654343392,1.0,"(0, 2)"
37,3,2,0,2,1,2,0,1,1,,0.0,0.5,0.0,2@,0.0,0.0,12600.0250222,289.8123516,293.226667409874,294.797305100001,295.196118100001,1.96945069012691,296.2973451,297.646938626565,3,0.567567567567568,0.432432432432432,22,16,1,298.646938626565,1.0,"(1, 0)"
38,3,2,0,2,1,2,0,1,0,,1.0,0.15,1.0,4$,0.0,0.0,12600.0250222,298.6537009,302.324011401946,303.894965700001,304.2623341,1.93832269805353,305.395004900001,305.854900576314,3,0.552631578947368,0.447368421052632,22,17,1,306.854900576314,0.0,"(0, 1)"
39,3,2,0,2,1,2,0,1,2,,2.0,0.35,1.0,2@,1.0,1.0,12600.0250222,306.861296200001,308.982817549106,310.554015200001,310.9845212,2.00170365089434,312.0540552,312.994744099609,3,0.564102564102564,0.435897435897436,22,18,1,313.994744099609,1.0,"(2, 2)"
40,3,2,0,2,1,2,0,1,1,,0.0,0.5,0.0,2@,0.0,0.0,12600.0250222,314.0014476,316.954570292115,318.525442300001,319.412106100001,2.45753580788551,320.025482000001,321.401819796494,3,0.55,0.45,23,18,1,322.401819796494,1.0,"(1, 0)"
41,3,2,0,2,1,2,0,1,0,,2.0,0.5,0.0,2@,0.0,0.0,12600.0250222,322.4090414,326.157310988985,327.7278711,327.8663803,1.7090693110149,329.227949400001,329.683605773826,3,0.536585365853659,0.463414634146341,23,19,1,330.683605773826,1.0,"(0, 2)"
42,3,2,0,2,1,2,0,1,2,,0.0,0.15,1.0,4$,0.0,0.0,12600.0250222,330.7002171,334.506075799729,336.0768795,336.468950800001,1.96287500027211,337.576921400001,338.771022992913,3,0.523809523809524,0.476190476190476,23,20,1,339.771022992913,0.0,"(2, 0)"
43,3,2,0,2,1,2,0,1,0,,2.0,0.5,0.0,2@,0.0,0.0,12600.0250222,339.775079200001,342.64530980623,344.215698400001,344.6310784,1.98576859376954,345.715775500001,346.707277976075,3,0.511627906976744,0.488372093023256,23,21,1,347.707277976075,1.0,"(0, 2)"
44,3,2,0,2,1,2,0,1,2,,1.0,0.5,0.0,4$,1.0,1.0,12600.0250222,347.7158559,350.409082736667,351.9800968,352.4296063,2.02052356333297,353.4801367,354.240677819687,3,0.522727272727273,0.477272727272727,23,22,1,355.240677819687,0.0,"(2, 1)"
45,3,2,0,2,1,2,0,1,1,,0.0,0.5,0.0,2@,0.0,0.0,12600.0250222,355.256279900001,359.420589017647,360.9920071,361.4506165,2.03002748235303,362.492108,363.262463203384,3,0.511111111111111,0.488888888888889,24,22,1,364.262463203384,1.0,"(1, 0)"
46,3,2,0,2,1,2,0,1,2,,2.0,0.35,1.0,2@,1.0,1.0,12600.0250222,364.266382,368.12921611737,369.700137,369.7979918,1.66877568263044,371.2005718,372.259925370745,3,0.521739130434783,0.478260869565217,24,23,1,373.259925370745,1.0,"(2, 2)"
47,3,2,0,2,1,2,0,1,1,,1.0,0.35,1.0,4$,0.0,0.0,12600.0250222,373.2729454,376.336563018158,377.907087400001,378.472197000001,2.13563398184306,379.4071267,380.772043298515,3,0.51063829787234,0.48936170212766,25,23,1,381.772043298515,0.0,"(1, 1)"
48,3,2,0,2,1,2,0,1,2,,2.0,0.35,1.0,2@,1.0,0.0,12600.0250222,381.780753700001,384.238638329804,385.8097074,385.9666084,1.72797007019653,387.3097481,388.263595242481,3,0.520833333333333,0.479166666666667,25,24,0,389.263595242481,1.0,"(2, 2)"
49,3,2,0,2,1,2,0,1,1,,0.0,0.5,0.0,2@,0.0,0.0,12600.0250222,389.270977800001,392.248823840908,393.8196348,394.3490162,2.10019235909203,395.319678400001,396.573394729514,3,0.510204081632653,0.489795918367347,26,24,1,397.573394729514,1.0,"(1, 0)"
50,3,2,0,2,1,2,0,1,0,,1.0,0.15,1.0,2@,1.0,1.0,12600.0250222,397.578716,399.886442357851,401.4571466,401.742503700001,1.8560613421505,402.957186,403.832560828978,3,0.52,0.48,26,25,1,404.832560828978,1.0,"(0, 1)"
51,3,2,0,2,1,2,0,1,1,,0.0,0.5,0.0,2@,0.0,0.0,12600.0250222,404.836735700001,409.011252390901,410.5828102,411.2326937,2.22144130909874,412.082851500001,412.941407951233,3,0.509803921568627,0.490196078431373,27,25,1,413.941407951233,1.0,"(1, 0)"
52,3,2,0,2,1,2,0,1,2,,1.0,0.5,0.0,2@,0.0,0.0,12600.0250222,413.9462291,417.397870670273,418.9691279,419.260987400001,1.86311672972806,420.4691697,421.556504846703,3,0.5,0.5,27,26,1,422.556504846703,1.0,"(2, 1)"
53,3,2,0,2,1,2,0,1,0,,2.0,0.5,0.0,2@,0.0,0.0,12600.0250222,422.568488500001,425.754183144461,427.325325100001,428.1180871,2.36390395553826,428.8253673,429.845843802123,3,0.490566037735849,0.509433962264151,27,27,1,430.845843802123,1.0,"(0, 2)"
54,3,2,0,2,1,2,0,1,2,,1.0,0.5,0.0,4$,1.0,1.0,12600.0250222,430.859565500001,433.363370328774,434.9344494,435.1123852,1.74901487122588,436.434499500001,437.796252961667,3,0.5,0.5,27,28,1,438.796252961667,0.0,"(2, 1)"
55,3,2,0,2,1,2,0,1,0,,0.0,0.35,1.0,4$,0.0,1.0,12600.0250222,438.800256500001,443.6857671983,445.256521900001,445.5355382,1.84977100169999,446.7565624,448.165567022721,3,0.490909090909091,0.509090909090909,28,28,0,449.165567022721,0.0,"(0, 0)"
56,3,2,0,2,1,2,0,1,1,,2.0,0.15,1.0,2@,1.0,1.0,12600.0250222,449.176519500001,451.766510503428,453.3371917,453.667708000001,1.90119749657242,454.8372308,455.647441018367,3,0.5,0.5,28,29,1,456.647441018367,1.0,"(1, 2)"
57,3,2,0,2,1,2,0,1,2,,1.0,0.5,0.0,2@,0.0,0.0,12600.0250222,456.6514726,458.814320090934,460.385350500001,461.122364500001,2.3080444090665,461.885389700001,462.374612279044,3,0.491228070175439,0.508771929824561,29,29,1,463.374612279044,1.0,"(2, 1)"
58,3,2,0,2,1,2,0,1,0,,0.0,0.35,1.0,2@,1.0,1.0,12600.0250222,463.389684900001,466.157190507203,467.728755600001,468.093936000001,1.93674549279785,469.2287956,470.0835291523,3,0.5,0.5,29,30,1,471.0835291523,1.0,"(0, 0)"
59,3,2,0,2,1,2,0,1,1,,1.0,0.35,1.0,2@,1.0,1.0,12600.0250222,471.096889800001,474.088986516223,475.659643200001,476.0866145,1.99762798377742,477.159683100001,478.343370157523,3,0.508474576271186,0.491525423728814,30,30,1,479.343370157523,1.0,"(1, 1)"
60,3,2,0,2,1,2,0,1,2,,2.0,0.35,1.0,2@,1.0,1.0,12600.0250222,479.354486100001,482.778097941431,484.3492971,484.789346700001,2.01124875857022,485.849336500001,486.628554401983,3,0.516666666666667,0.483333333333333,31,30,1,487.628554401983,1.0,"(2, 2)"
1,4,3,0,2,1,2,0,1,0,0.0,,0.5,0.0,2@,0.0,0.0,13584.2350293,0.0010662000004231,3.64844503374115,5.15150300000096,5.18343690000074,1.53499186625959,6.6515460999999,7.36569311169842,3,0.0,1.0,1,1,1,8.36569311169842,1.0,"(0, 0)"
2,4,3,0,2,1,2,0,1,2,1.0,,0.5,0.0,2@,0.0,1.0,13584.2350293,8.37324099999933,12.2981425512789,13.9220089000009,13.7805411000008,1.4823985487219,15.4220499999992,16.0515972707435,3,0.0,1.0,1,2,0,17.0515972707435,1.0,"(2, 1)"
3,4,3,0,2,1,2,0,1,0,0.0,,0.5,0.0,4$,1.0,1.0,13584.2350293,17.0611234999997,22.0041647879934,23.4771619000003,23.3394685999992,1.3353038120058,24.9772090999995,25.8349917909127,3,0.333333333333333,0.666666666666667,1,3,1,26.8349917909127,0.0,"(0, 0)"
4,4,3,0,2,1,2,0,1,1,2.0,,0.5,0.0,2@,0.0,0.0,13584.2350293,26.8385713999996,30.6494679899242,32.1521334000008,32.5323532999992,1.88288531007493,33.6521723999995,34.7686676656922,3,0.25,0.75,2,3,1,35.7686676656922,1.0,"(1, 2)"
5,4,3,0,2,1,2,0,1,0,0.0,,0.5,0.0,4$,1.0,1.0,13584.2350293,35.7784035999994,39.341574029404,40.8440824000008,41.0314414999993,1.68986747059535,42.3441223999998,43.2178502245497,3,0.4,0.6,2,4,1,44.2178502245497,0.0,"(0, 0)"
6,4,3,0,2,1,2,0,1,1,2.0,,0.5,0.0,2@,0.0,0.0,13584.2350293,44.2215102000009,46.713776366003,48.3417831999996,48.2003683999992,1.4865920339962,49.8418246000001,50.4530972989742,3,0.333333333333333,0.666666666666667,3,4,1,51.4530972989742,1.0,"(1, 2)"
7,4,3,0,2,1,2,0,1,0,1.0,,0.15,1.0,4$,0.0,0.0,13584.2350293,51.4596013999999,54.6606481925355,56.1637092000001,56.5248849,1.86423670746444,57.6644907999998,58.5122844453526,3,0.285714285714286,0.714285714285714,3,5,1,59.5122844453526,0.0,"(0, 1)"
8,4,3,0,2,1,2,0,1,2,0.0,,0.35,1.0,2@,1.0,0.0,13584.2350293,59.5169648999999,63.3706752201233,64.8350152000003,64.6974649999993,1.32678977987598,66.3350654999995,67.4220516144414,3,0.375,0.625,3,6,0,68.4220516144414,1.0,"(2, 0)"
9,4,3,0,2,1,2,0,1,0,2.0,,0.35,1.0,2@,1.0,1.0,13584.2350293,68.4264554000001,71.3288529652364,72.8315505999999,73.3413944000004,2.01254143476399,74.3315973999997,75.2493674418529,3,0.444444444444444,0.555555555555556,4,6,1,76.2493674418529,1.0,"(0, 2)"
10,4,3,0,2,1,2,0,1,2,0.0,,0.35,1.0,4$,0.0,0.0,13584.2350293,76.2660015000001,80.5324375177388,82.0349404000008,82.4861688000001,1.95373128226129,83.5349901000009,84.7003720966095,3,0.4,0.6,5,6,1,85.7003720966095,0.0,"(2, 0)"
11,4,3,0,2,1,2,0,1,1,2.0,,0.5,0.0,2@,0.0,0.0,13584.2350293,85.7079670999992,88.3731587258262,89.8757342999997,90.1533985000005,1.78023977417433,91.3757731999995,92.216228085812,3,0.363636363636364,0.636363636363636,5,7,1,93.216228085812,1.0,"(1, 2)"
12,4,3,0,2,1,2,0,1,2,1.0,,0.5,0.0,2@,0.0,0.0,13584.2350293,93.2316627,96.2795307641754,97.7865201000004,97.6473421999999,1.36781143582448,99.2865605000006,99.8628058750601,3,0.333333333333333,0.666666666666667,5,8,1,100.86280587506,1.0,"(2, 1)"
13,4,3,0,2,1,2,0,1,0,2.0,,0.35,1.0,4$,0.0,0.0,13584.2350293,100.8720424,104.868781299005,106.371545600001,107.0222682,2.15348690099563,107.8715851,108.384816769292,3,0.307692307692308,0.692307692307692,5,9,1,109.384816769292,0.0,"(0, 2)"
14,4,3,0,2,1,2,0,1,1,1.0,,0.35,1.0,2@,1.0,1.0,13584.2350293,109.39668,112.912369561047,114.4147213,114.62155,1.7091804389529,115.914762599999,116.507249637407,3,0.357142857142857,0.642857142857143,5,10,1,117.507249637407,1.0,"(1, 1)"
15,4,3,0,2,1,2,0,1,0,0.0,,0.5,0.0,4$,1.0,0.0,13584.2350293,117.5207684,122.262097784505,123.764591200001,124.023901,1.76180321549509,125.264633000001,126.394525686563,3,0.4,0.6,6,10,0,127.394525686563,0.0,"(0, 0)"
16,4,3,0,2,1,2,0,1,2,1.0,,0.5,0.0,2@,0.0,0.0,13584.2350293,127.397936200001,131.023137174894,132.605005400001,132.464365899999,1.44122872510525,134.1050473,135.400256456314,3,0.375,0.625,7,10,1,136.400256456314,1.0,"(2, 1)"
17,4,3,0,2,1,2,0,1,0,2.0,,0.35,1.0,2@,1.0,1.0,13584.2350293,136.4048638,141.390248338957,142.8925786,143.139888899999,1.74964056104182,144.392619599999,145.145861109251,3,0.411764705882353,0.588235294117647,7,11,1,146.145861109251,1.0,"(0, 2)"
18,4,3,0,2,1,2,0,1,1,1.0,,0.35,1.0,4$,0.0,1.0,13584.2350293,146.149590200001,148.577683301426,150.0801116,150.0849361,1.50725279857397,151.580152500001,152.571690182025,3,0.388888888888889,0.611111111111111,8,11,0,153.571690182025,0.0,"(1, 1)"
19,4,3,0,2,1,2,0,1,2,2.0,,0.15,1.0,2@,1.0,1.0,13584.2350293,153.587551099999,155.919813288499,157.4222548,157.494298699999,1.57448541150006,158.922296799999,160.227490097193,3,0.421052631578947,0.578947368421053,8,12,1,161.227490097193,1.0,"(2, 2)"
20,4,3,0,2,1,2,0,1,1,0.0,,0.15,1.0,4$,0.0,0.0,13584.2350293,161.244580099999,164.331446766053,165.738316499999,165.5995246,1.26807783394725,167.2383603,168.109051453253,3,0.4,0.6,9,12,1,169.109051453253,0.0,"(1, 0)"
21,4,3,0,2,1,2,0,1,2,1.0,,0.5,0.0,2@,0.0,0.0,13584.2350293,169.1185384,171.412279966416,172.9332999,172.795098799999,1.38281883358286,174.4333413,175.006242665311,3,0.380952380952381,0.619047619047619,9,13,1,176.006242665311,1.0,"(2, 1)"
22,4,3,0,2,1,2,0,1,0,2.0,,0.35,1.0,4$,0.0,0.0,13584.2350293,176.0100946,179.01099868577,180.513792899999,180.6208909,1.60989221423006,182.0138334,182.89514221838,3,0.363636363636364,0.636363636363636,9,14,1,183.89514221838,0.0,"(0, 2)"
23,4,3,0,2,1,2,0,1,2,0.0,,0.35,1.0,4$,0.0,1.0,13584.2350293,183.915747999999,187.534427416718,189.084076499999,188.944481500001,1.41005408328238,190.584119200001,191.075443156689,3,0.347826086956522,0.652173913043478,9,15,0,192.075443156689,0.0,"(2, 0)"
24,4,3,0,2,1,2,0,1,0,1.0,,0.15,1.0,2@,1.0,1.0,13584.2350293,192.0899852,195.698281247724,197.234086099999,197.0944934,1.39621215227635,198.7342264,199.835002707199,3,0.375,0.625,9,16,1,200.835002707199,1.0,"(0, 1)"
25,4,3,0,2,1,2,0,1,1,0.0,,0.15,1.0,4$,0.0,0.0,13584.2350293,200.8478958,204.122622168792,205.624941399999,205.8962116,1.77358943120817,207.1249833,208.016860403643,3,0.36,0.64,10,16,1,209.016860403643,0.0,"(1, 0)"
26,4,3,0,2,1,2,0,1,2,1.0,,0.5,0.0,2@,0.0,0.0,13584.2350293,209.0220644,211.694373375558,213.196910299999,213.264405399999,1.57003202444139,214.6969525,215.391479266504,3,0.346153846153846,0.653846153846154,10,17,1,216.391479266504,1.0,"(2, 1)"
27,4,3,0,2,1,2,0,1,0,0.0,,0.5,0.0,4$,1.0,1.0,13584.2350293,216.3955883,219.826427991773,221.2428722,221.104297600001,1.27786960822777,222.742915999999,224.230346876157,3,0.37037037037037,0.62962962962963,10,18,1,225.230346876157,0.0,"(0, 0)"
28,4,3,0,2,1,2,0,1,2,1.0,,0.5,0.0,2@,0.0,0.0,13584.2350293,225.2370954,228.940858834112,230.443485399999,230.485220099999,1.54436126588735,231.9436451,233.295985100574,3,0.357142857142857,0.642857142857143,11,18,1,234.295985100574,1.0,"(2, 1)"
29,4,3,0,2,1,2,0,1,1,2.0,,0.5,0.0,4$,1.0,0.0,13584.2350293,234.3122927,237.35473437475,238.8573624,239.3674231,2.01268872524997,240.3574047,241.495884566209,3,0.379310344827586,0.620689655172414,11,19,0,242.495884566209,0.0,"(1, 2)"
30,4,3,0,2,1,2,0,1,2,1.0,,0.5,0.0,2@,0.0,0.0,13584.2350293,242.5030496,247.284769677011,248.7871371,248.914511700001,1.62974202298938,250.2871806,251.015123504174,3,0.366666666666667,0.633333333333333,12,19,1,252.015123504174,1.0,"(2, 1)"
31,4,3,0,2,1,2,0,1,0,2.0,,0.35,1.0,4$,0.0,0.0,13584.2350293,252.028640099999,255.682906347518,257.185540099999,257.445348400001,1.76244205248258,258.685790400001,259.934531646042,3,0.354838709677419,0.645161290322581,12,20,1,260.934531646042,0.0,"(0, 2)"
32,4,3,0,2,1,2,0,1,1,1.0,,0.35,1.0,4$,0.0,0.0,13584.2350293,260.938161399999,263.602524441525,265.1049478,265.120430700001,1.5179062584757,266.605025999999,267.466351778614,3,0.34375,0.65625,12,21,1,268.466351778614,0.0,"(1, 1)"
33,4,3,0,2,1,2,0,1,0,0.0,,0.5,0.0,4$,1.0,0.0,13584.2350293,268.4773119,271.515373014592,272.921441500001,272.7804567,1.26508368540817,274.421485999999,275.574060185501,3,0.363636363636364,0.636363636363636,12,22,0,276.574060185501,0.0,"(0, 0)"
34,4,3,0,2,1,2,0,1,1,2.0,,0.5,0.0,2@,0.0,0.0,13584.2350293,276.5846779,278.990981821829,280.4934959,280.4961883,1.50520647817029,281.993582900001,282.908617608409,3,0.352941176470588,0.647058823529412,13,22,1,283.908617608409,1.0,"(1, 2)"
35,4,3,0,2,1,2,0,1,2,0.0,,0.35,1.0,4$,0.0,0.0,13584.2350293,283.924863100001,287.578220461877,288.975344099999,288.836237400001,1.25801693812355,290.475387300001,291.583402987801,3,0.342857142857143,0.657142857142857,13,23,1,292.583402987801,0.0,"(2, 0)"
36,4,3,0,2,1,2,0,1,1,2.0,,0.5,0.0,2@,0.0,0.0,13584.2350293,292.599691199999,296.615964356368,298.118717200001,298.515263499999,1.89929914363165,299.6187591,300.215815522857,3,0.333333333333333,0.666666666666667,13,24,1,301.215815522857,1.0,"(1, 2)"
37,4,3,0,2,1,2,0,1,0,0.0,,0.5,0.0,4$,1.0,1.0,13584.2350293,301.2242492,305.45275161159,306.8320294,306.6804073,1.22765568840987,308.3320721,309.469716204701,3,0.351351351351351,0.648648648648649,13,25,1,310.469716204701,0.0,"(0, 0)"
38,4,3,0,2,1,2,0,1,2,2.0,,0.15,1.0,2@,1.0,1.0,13584.2350293,310.4828547,313.095890248385,314.5984381,314.842070299999,1.74618005161392,316.098479599999,317.379894057709,3,0.368421052631579,0.631578947368421,14,25,1,318.379894057709,1.0,"(2, 2)"
39,4,3,0,2,1,2,0,1,1,1.0,,0.35,1.0,2@,1.0,0.0,13584.2350293,318.390062500001,321.407059721831,322.9158322,322.7783717,1.37131197816962,324.4158751,325.697027009281,3,0.384615384615385,0.615384615384615,15,25,0,326.697027009281,1.0,"(1, 1)"
40,4,3,0,2,1,2,0,1,2,0.0,,0.35,1.0,4$,0.0,0.0,13584.2350293,326.7145793,329.03996215808,330.521597000001,330.3830702,1.34310804191955,332.021640299999,332.594573798599,3,0.375,0.625,16,25,1,333.594573798599,0.0,"(2, 0)"
41,4,3,0,2,1,2,0,1,1,1.0,,0.35,1.0,2@,1.0,1.0,13584.2350293,333.6042751,338.26193126537,339.679693800001,339.5433018,1.2813705346307,341.1797372,342.109637886753,3,0.390243902439024,0.609756097560976,16,26,1,343.109637886753,1.0,"(1, 1)"
42,4,3,0,2,1,2,0,1,0,0.0,,0.5,0.0,4$,1.0,1.0,13584.2350293,343.113622500001,348.000974318986,349.3186604,349.178237599999,1.17726328101344,350.818703700001,351.900576461632,3,0.404761904761905,0.595238095238095,17,26,1,352.900576461632,0.0,"(0, 0)"
43,4,3,0,2,1,2,0,1,1,2.0,,0.5,0.0,2@,0.0,0.0,13584.2350293,352.905324200001,356.158550179634,357.661264,358.1268564,1.96830622036578,359.161424899999,359.882087184911,3,0.395348837209302,0.604651162790698,18,26,1,360.882087184911,1.0,"(1, 2)"
44,4,3,0,2,1,2,0,1,0,1.0,,0.15,1.0,4$,0.0,0.0,13584.2350293,360.896113999999,363.090877514205,364.5936033,364.623462199999,1.53258468579406,366.093703500001,366.994689186655,3,0.386363636363636,0.613636363636364,18,27,1,367.994689186655,0.0,"(0, 1)"
45,4,3,0,2,1,2,0,1,2,0.0,,0.35,1.0,4$,0.0,0.0,13584.2350293,368.0027491,370.245631219221,371.603791400001,371.4672926,1.22166138077955,373.1038352,374.196466593079,3,0.377777777777778,0.622222222222222,18,28,1,375.196466593079,0.0,"(2, 0)"
46,4,3,0,2,1,2,0,1,1,2.0,,0.5,0.0,2@,0.0,0.0,13584.2350293,375.209452700001,377.486687498558,378.9891123,379.0484547,1.5617672014414,380.489155699999,381.922692216636,3,0.369565217391304,0.630434782608696,18,29,1,382.922692216636,1.0,"(1, 2)"
47,4,3,0,2,1,2,0,1,2,0.0,,0.35,1.0,4$,0.0,1.0,13584.2350293,382.9331246,387.090248790873,388.4984845,388.362093400001,1.27184460912758,389.998527399999,391.575623617595,3,0.361702127659574,0.638297872340426,18,30,0,392.575623617595,0.0,"(2, 0)"
48,4,3,0,2,1,2,0,1,1,1.0,,0.35,1.0,4$,0.0,0.0,13584.2350293,392.592199299999,396.630856196884,398.133103100001,398.432353100001,1.80149690311737,399.6333502,400.203787366023,3,0.354166666666667,0.645833333333333,18,31,1,401.203787366023,0.0,"(1, 1)"
49,4,3,0,2,1,2,0,1,0,2.0,,0.35,1.0,4$,0.0,1.0,13584.2350293,401.2167493,403.345225478259,404.8474503,404.889323200001,1.54409772174222,406.347491500001,407.539844138622,3,0.346938775510204,0.653061224489796,18,32,0,408.539844138622,0.0,"(0, 2)"
50,4,3,0,2,1,2,0,1,1,0.0,,0.15,1.0,2@,1.0,1.0,13584.2350293,408.5570116,410.643759686489,411.9299285,411.793339600001,1.14957991351184,413.4299706,414.665040983606,3,0.36,0.64,18,33,1,415.665040983606,1.0,"(1, 0)"
51,4,3,0,2,1,2,0,1,2,1.0,,0.5,0.0,2@,0.0,0.0,13584.2350293,415.680279100001,419.373846591272,420.876477199999,421.1128018,1.73895520872793,422.3765176,423.726467099774,3,0.352941176470588,0.647058823529412,19,33,1,424.726467099774,1.0,"(2, 1)"
52,4,3,0,2,1,2,0,1,1,2.0,,0.5,0.0,2@,0.0,1.0,13584.2350293,424.738561,426.842351508381,428.3449435,429.0030405,2.16068899161837,429.844987300001,430.459808718826,3,0.346153846153846,0.653846153846154,19,34,0,431.459808718826,1.0,"(1, 2)"
53,4,3,0,2,1,2,0,1,2,1.0,,0.5,0.0,4$,1.0,1.0,13584.2350293,431.4634489,433.859410882033,435.409163,435.272252799999,1.41284191796694,436.9092119,438.192390213486,3,0.358490566037736,0.641509433962264,19,35,1,439.192390213486,0.0,"(2, 1)"
54,4,3,0,2,1,2,0,1,0,0.0,,0.5,0.0,4$,1.0,1.0,13584.2350293,439.201944599999,442.453998842173,443.9563877,444.0262169,1.57221805782683,445.4564295,446.605576137174,3,0.37037037037037,0.62962962962963,20,35,1,447.605576137174,0.0,"(0, 0)"
55,4,3,0,2,1,2,0,1,1,2.0,,0.5,0.0,2@,0.0,0.0,13584.2350293,447.6097371,451.633956002459,453.2250976,453.088326999999,1.45437099754054,454.7251399,455.708560791292,3,0.363636363636364,0.636363636363636,21,35,1,456.708560791292,1.0,"(1, 2)"
56,4,3,0,2,1,2,0,1,0,0.0,,0.5,0.0,4$,1.0,1.0,13584.2350293,456.7181378,459.178442430277,460.555041199999,460.418339,1.23989656972299,462.055093700001,462.778095610813,3,0.375,0.625,21,36,1,463.778095610813,0.0,"(0, 0)"
57,4,3,0,2,1,2,0,1,2,2.0,,0.15,1.0,2@,1.0,1.0,13584.2350293,463.791375000001,466.395599743162,467.8979452,467.928725899999,1.53312615683717,469.397984200001,470.124054798594,3,0.385964912280702,0.614035087719298,22,36,1,471.124054798594,1.0,"(2, 2)"
58,4,3,0,2,1,2,0,1,1,1.0,,0.35,1.0,2@,1.0,1.0,13584.2350293,471.1315851,476.008758513835,477.5110995,477.8213447,1.81258618616448,479.011140299999,480.065079653574,3,0.396551724137931,0.603448275862069,23,36,1,481.065079653574,1.0,"(1, 1)"
59,4,3,0,2,1,2,0,1,0,2.0,,0.35,1.0,4$,0.0,1.0,13584.2350293,481.074034499999,485.965419901488,487.4679318,487.564306800001,1.59888689851323,488.967972599999,489.692288780865,3,0.389830508474576,0.610169491525424,24,36,0,490.692288780865,0.0,"(0, 2)"
60,4,3,0,2,1,2,0,1,2,1.0,,0.5,0.0,2@,0.0,0.0,13584.2350293,490.6997228,494.52497231955,496.104085299999,495.967405699999,1.44243338044907,497.604128499999,498.333906931168,3,0.383333333333333,0.616666666666667,24,37,1,499.333906931168,1.0,"(2, 1)"
1,5,4,0,2,1,2,0,1,0,,2.0,0.5,0.0,4$,1.0,1.0,14299.3067443,0.000962599999184,2.18384076507209,3.75676930000009,3.80039260000012,1.61655183492803,5.25681090000035,5.88942635894455,3,1.0,0.0,1,1,1,6.88942635894455,0.0,"(0, 2)"
2,5,4,0,2,1,2,0,1,2,,1.0,0.5,0.0,2@,0.0,1.0,14299.3067443,6.89357849999942,10.2359906184938,11.8069008999992,12.1303895000001,1.89439888150628,13.3069565999995,14.0016498502173,3,0.5,0.5,2,1,0,15.0016498502173,1.0,"(2, 1)"
3,5,4,0,2,1,2,0,1,1,,2.0,0.15,1.0,4$,0.0,0.0,14299.3067443,15.0164081999992,17.443528420612,19.0145706000003,19.0652876000004,1.62175917938839,20.5146108000008,21.5603480441496,3,0.333333333333333,0.666666666666667,2,2,1,22.5603480441496,0.0,"(1, 2)"
4,5,4,0,2,1,2,0,1,0,,0.0,0.35,1.0,2@,1.0,1.0,14299.3067443,22.5733321999996,27.3100623427836,28.8816588999998,29.2332723,1.92320995721639,30.3816986000002,31.100595938462,3,0.5,0.5,2,3,1,32.100595938462,1.0,"(0, 0)"
5,5,4,0,2,1,2,0,1,2,,1.0,0.5,0.0,4$,1.0,1.0,14299.3067443,32.1154418000006,36.8091100800375,38.3802123999994,38.6159977999996,1.80688771996211,39.8802560000004,40.7470836545235,3,0.6,0.4,3,3,1,41.7470836545235,0.0,"(2, 1)"
6,5,4,0,2,1,2,0,1,0,,0.0,0.35,1.0,2@,1.0,1.0,14299.3067443,41.7577560000009,43.9850804284451,45.5560626000006,45.8665411999991,1.88146077155398,47.0561037999996,48.3555864158934,3,0.666666666666667,0.333333333333333,4,3,1,49.3555864158934,1.0,"(0, 0)"
7,5,4,0,2,1,2,0,1,1,,1.0,0.35,1.0,4$,0.0,0.0,14299.3067443,49.3647817000001,51.6607249114149,53.2317354999996,53.6193636000007,1.95863868858578,54.7317758000008,55.6148844146101,3,0.571428571428571,0.428571428571429,5,3,1,56.6148844146101,0.0,"(1, 1)"
8,5,4,0,2,1,2,0,1,2,,2.0,0.35,1.0,2@,1.0,1.0,14299.3067443,56.6215238999994,59.3443584577708,60.9153298000001,61.1765871999996,1.83222874222884,62.4153712000007,63.1151922466906,3,0.625,0.375,5,4,1,64.1151922466906,1.0,"(2, 2)"
9,5,4,0,2,1,2,0,1,1,,1.0,0.35,1.0,4$,0.0,0.0,14299.3067443,64.1284682999994,66.9512953746671,68.5223227000006,68.8732318999992,1.92193652533206,70.0223626999996,71.0735994479601,3,0.555555555555556,0.444444444444444,6,4,1,72.0735994479601,0.0,"(1, 1)"
10,5,4,0,2,1,2,0,1,0,,2.0,0.5,0.0,2@,0.0,0.0,14299.3067443,72.0857696000003,74.5125150087551,76.0832312999992,76.1169150000005,1.60439999124537,77.5832725,78.6652904439998,3,0.5,0.5,6,5,1,79.6652904439998,1.0,"(0, 2)"
11,5,4,0,2,1,2,0,1,2,,0.0,0.15,1.0,4$,0.0,0.0,14299.3067443,79.6761839999999,83.4999370326987,85.0711831999997,85.2399757000003,1.74003866730163,86.5712258000003,87.2431832857856,3,0.454545454545455,0.545454545454545,6,6,1,88.2431832857856,0.0,"(2, 0)"
12,5,4,0,2,1,2,0,1,0,,2.0,0.5,0.0,4$,1.0,1.0,14299.3067443,88.2508132999992,91.5795858145739,93.1503487000009,93.2932808999994,1.71369508542557,94.6503890000004,95.487808475551,3,0.5,0.5,6,7,1,96.487808475551,0.0,"(0, 2)"
13,5,4,0,2,1,2,0,1,2,,1.0,0.5,0.0,2@,0.0,1.0,14299.3067443,96.4917473000005,99.6669110225575,101.2382041,101.649283799999,1.98237277744192,102.7388312,103.261868590409,3,0.461538461538462,0.538461538461538,7,7,0,104.261868590409,1.0,"(2, 1)"
14,5,4,0,2,1,2,0,1,1,,0.0,0.5,0.0,4$,1.0,1.0,14299.3067443,104.265533399999,107.052166198097,108.6231821,109.0772867,2.02512050190307,110.123225900001,111.472189743396,3,0.5,0.5,7,8,1,112.472189743396,0.0,"(1, 0)"
15,5,4,0,2,1,2,0,1,2,,2.0,0.35,1.0,2@,1.0,1.0,14299.3067443,112.4902786,115.585443782431,117.1563327,117.7085216,2.12307781756863,118.6563733,119.189292660132,3,0.533333333333333,0.466666666666667,8,8,1,120.189292660132,1.0,"(2, 2)"
16,5,4,0,2,1,2,0,1,0,,1.0,0.15,1.0,4$,0.0,0.0,14299.3067443,120.196977600001,122.62003393528,124.1910988,124.5305696,1.91053566471965,125.6911397,126.519213031592,3,0.5,0.5,9,8,1,127.519213031592,0.0,"(0, 1)"
17,5,4,0,2,1,2,0,1,1,,0.0,0.5,0.0,4$,1.0,1.0,14299.3067443,127.5373389,131.230428129711,132.801497599999,133.481326900001,2.2508987702895,134.301538,135.44602510906,3,0.529411764705882,0.470588235294118,9,9,1,136.44602510906,0.0,"(1, 0)"
18,5,4,0,2,1,2,0,1,2,,2.0,0.35,1.0,2@,1.0,1.0,14299.3067443,136.462249300001,138.456865369255,140.027690499999,140.2730034,1.8161380307447,141.527731800001,142.733037011472,3,0.555555555555556,0.444444444444444,10,9,1,143.733037011472,1.0,"(2, 2)"
19,5,4,0,2,1,2,0,1,1,,0.0,0.5,0.0,4$,1.0,1.0,14299.3067443,143.7368558,145.971773464458,147.543078299999,147.7072625,1.73548903554183,149.043122200001,149.95863579351,3,0.578947368421053,0.421052631578947,11,9,1,150.95863579351,0.0,"(1, 0)"
20,5,4,0,2,1,2,0,1,0,,2.0,0.5,0.0,2@,0.0,0.0,14299.3067443,150.975619999999,153.358099155481,154.929041900001,155.1416508,1.78355164451932,156.4290817,157.00828035043,3,0.55,0.45,12,9,1,158.00828035043,1.0,"(0, 2)"
21,5,4,0,2,1,2,0,1,1,,1.0,0.35,1.0,4$,0.0,0.0,14299.3067443,158.0154016,162.474386006579,164.045635500001,164.502619499999,2.02823349341998,165.545677,166.958494532593,3,0.523809523809524,0.476190476190476,12,10,1,167.958494532593,0.0,"(1, 1)"
22,5,4,0,2,1,2,0,1,2,,0.0,0.15,1.0,4$,0.0,0.0,14299.3067443,167.974730399999,171.024427782708,172.5957574,173.389930400001,2.3655026172928,174.095799500001,175.221032993759,3,0.5,0.5,12,11,1,176.221032993759,0.0,"(2, 0)"
23,5,4,0,2,1,2,0,1,1,,1.0,0.35,1.0,2@,1.0,1.0,14299.3067443,176.2323445,179.122772490873,180.693833900001,181.023470300001,1.90069780912745,182.1938739,182.986166012739,3,0.521739130434783,0.478260869565217,12,12,1,183.986166012739,1.0,"(1, 1)"
24,5,4,0,2,1,2,0,1,0,,2.0,0.5,0.0,4$,1.0,1.0,14299.3067443,183.990251900001,187.710343768058,189.281513800001,189.634357200001,1.92401343194251,190.781902000001,191.414607646944,3,0.541666666666667,0.458333333333333,13,12,1,192.414607646944,0.0,"(0, 2)"
25,5,4,0,2,1,2,0,1,2,,1.0,0.5,0.0,2@,0.0,0.0,14299.3067443,192.4306655,196.075463950143,197.646608999999,198.0601243,1.98466034985722,199.1466501,199.663326993819,3,0.52,0.48,14,12,1,200.663326993819,1.0,"(2, 1)"
26,5,4,0,2,1,2,0,1,0,,2.0,0.5,0.0,4$,1.0,0.0,14299.3067443,200.671764500001,204.803059183896,206.3738835,206.496670500001,1.69361131610458,207.873925899999,208.636235618873,3,0.538461538461538,0.461538461538462,14,13,0,209.636235618873,0.0,"(0, 2)"
27,5,4,0,2,1,2,0,1,2,,1.0,0.5,0.0,2@,0.0,0.0,14299.3067443,209.646517900001,213.022070300933,214.59325,215.4315831,2.40951279906767,216.0932916,217.066535408117,3,0.518518518518518,0.481481481481482,15,13,1,218.066535408117,1.0,"(2, 1)"
28,5,4,0,2,1,2,0,1,1,,2.0,0.15,1.0,4$,0.0,0.0,14299.3067443,218.070922700001,221.693411536555,223.2645529,223.4845762,1.79116466344567,224.7645926,225.678605451107,3,0.5,0.5,15,14,1,226.678605451107,0.0,"(1, 2)"
29,5,4,0,2,1,2,0,1,0,,0.0,0.35,1.0,4$,0.0,0.0,14299.3067443,226.695762699999,231.224553128664,232.795462300001,233.368353899999,2.14380077133501,234.2955048,235.004614295993,3,0.482758620689655,0.517241379310345,15,15,1,236.004614295993,0.0,"(0, 0)"
30,5,4,0,2,1,2,0,1,2,,2.0,0.35,1.0,2@,1.0,1.0,14299.3067443,236.0210969,239.662191076783,241.2335408,241.654018499999,1.99182742321682,242.733582700001,244.042849149408,3,0.5,0.5,15,16,1,245.042849149408,1.0,"(2, 2)"
31,5,4,0,2,1,2,0,1,0,,1.0,0.15,1.0,4$,0.0,0.0,14299.3067443,245.047292400001,249.480404858215,251.0514052,251.673853099999,2.1934482417837,252.551675299999,253.236659996761,3,0.483870967741935,0.516129032258065,16,16,1,254.236659996761,0.0,"(0, 1)"
32,5,4,0,2,1,2,0,1,1,,0.0,0.5,0.0,2@,0.0,0.0,14299.3067443,254.254638799999,257.24030247576,258.811377100001,259.161618800001,1.92131632424025,260.311621299999,261.158340620193,3,0.46875,0.53125,16,17,1,262.158340620193,1.0,"(1, 0)"
33,5,4,0,2,1,2,0,1,2,,1.0,0.5,0.0,2@,0.0,0.0,14299.3067443,262.1629111,265.545602769576,267.1167859,267.506378800001,1.96077603042431,268.616827,269.309790032161,3,0.454545454545455,0.545454545454545,16,18,1,270.309790032161,1.0,"(2, 1)"
34,5,4,0,2,1,2,0,1,0,,0.0,0.35,1.0,4$,0.0,0.0,14299.3067443,270.3193472,272.446574406191,274.017459299999,274.813583900001,2.36700949380975,275.5174995,276.105215004774,3,0.441176470588235,0.558823529411765,16,19,1,277.105215004774,0.0,"(0, 0)"
35,5,4,0,2,1,2,0,1,2,,1.0,0.5,0.0,2@,0.0,0.0,14299.3067443,277.125781000001,281.102696226149,282.673865000001,283.9042947,2.80159847385039,284.173906,284.960605426748,3,0.428571428571429,0.571428571428571,16,20,1,285.960605426748,1.0,"(2, 1)"
36,5,4,0,2,1,2,0,1,1,,0.0,0.5,0.0,4$,1.0,1.0,14299.3067443,285.967204299999,289.522044102154,291.093001200001,292.1415896,2.61954549784605,292.5931205,293.133540127144,3,0.444444444444444,0.555555555555556,16,21,1,294.133540127144,0.0,"(1, 0)"
37,5,4,0,2,1,2,0,1,0,,2.0,0.5,0.0,2@,0.0,0.0,14299.3067443,294.1414528,298.977431447634,300.5489999,300.72753,1.75009855236567,302.049043000001,302.872902631339,3,0.432432432432432,0.567567567567568,17,21,1,303.872902631339,1.0,"(0, 2)"
38,5,4,0,2,1,2,0,1,1,,0.0,0.5,0.0,4$,1.0,1.0,14299.3067443,303.8838235,307.968567795226,309.5397627,309.8342201,1.8656523047739,311.039803600001,311.809292469658,3,0.447368421052632,0.552631578947368,17,22,1,312.809292469658,0.0,"(1, 0)"
39,5,4,0,2,1,2,0,1,2,,2.0,0.35,1.0,2@,1.0,1.0,14299.3067443,312.825548000001,316.309551984863,317.880268999999,318.248426599999,1.93887461513623,319.3808114,319.812130877277,3,0.461538461538462,0.538461538461538,18,22,1,320.812130877277,1.0,"(2, 2)"
40,5,4,0,2,1,2,0,1,1,,1.0,0.35,1.0,4$,0.0,1.0,14299.3067443,320.8160623,323.187820453357,324.7590265,325.012541599999,1.82472114664233,326.259066799999,327.016512795681,3,0.45,0.55,19,22,0,328.016512795681,0.0,"(1, 1)"
41,5,4,0,2,1,2,0,1,0,,0.0,0.35,1.0,2@,1.0,1.0,14299.3067443,328.022851199999,331.253204988108,332.8241294,332.8261898,1.57298481189173,334.3242211,335.219602366831,3,0.463414634146341,0.536585365853659,19,23,1,336.219602366831,1.0,"(0, 0)"
42,5,4,0,2,1,2,0,1,2,,2.0,0.35,1.0,4$,0.0,0.0,14299.3067443,336.2305094,339.148396534469,340.719637800001,341.004931400001,1.85653486553201,342.219751099999,343.522218700647,3,0.452380952380952,0.547619047619048,20,23,1,344.522218700647,0.0,"(2, 2)"
43,5,4,0,2,1,2,0,1,0,,0.0,0.35,1.0,2@,1.0,1.0,14299.3067443,344.538249200001,347.188111327747,348.760368200001,349.284623199999,2.09651187225245,350.261337800001,350.958182441365,3,0.465116279069767,0.534883720930233,20,24,1,351.958182441365,1.0,"(0, 0)"
44,5,4,0,2,1,2,0,1,1,,1.0,0.35,1.0,2@,1.0,1.0,14299.3067443,351.961895599999,356.033824851302,357.6051782,358.163465199999,2.12964034869765,359.1052186,359.66229161075,3,0.477272727272727,0.522727272727273,21,24,1,360.66229161075,1.0,"(1, 1)"
45,5,4,0,2,1,2,0,1,0,,2.0,0.5,0.0,4$,1.0,1.0,14299.3067443,360.6695972,362.942738533358,364.5140935,365.260441500001,2.31770296664217,366.0141346,366.477063227243,3,0.488888888888889,0.511111111111111,22,24,1,367.477063227243,0.0,"(0, 2)"
46,5,4,0,2,1,2,0,1,2,,0.0,0.15,1.0,2@,1.0,1.0,14299.3067443,367.4927604,371.946947959621,373.5179813,374.003422399999,2.05647444037822,375.018022099999,375.678390767698,3,0.5,0.5,23,24,1,376.678390767698,1.0,"(2, 0)"
47,5,4,0,2,1,2,0,1,0,,1.0,0.15,1.0,4$,0.0,0.0,14299.3067443,376.6845742,380.157621746679,381.7290521,382.2254048,2.06778305332045,383.2290918,384.429637675805,3,0.48936170212766,0.51063829787234,24,24,1,385.429637675805,0.0,"(0, 1)"
48,5,4,0,2,1,2,0,1,1,,2.0,0.15,1.0,2@,1.0,0.0,14299.3067443,385.4426202,389.983060548115,391.5543165,391.681909000001,1.69884845188608,393.054356799999,393.625775807292,3,0.5,0.5,24,25,0,394.625775807292,1.0,"(1, 2)"
49,5,4,0,2,1,2,0,1,2,,1.0,0.5,0.0,2@,0.0,0.0,14299.3067443,394.634633600001,397.621172596322,399.1923591,399.6659375,2.04476490367779,400.692400800001,401.36687006954,3,0.489795918367347,0.510204081632653,25,25,1,402.36687006954,1.0,"(2, 1)"
50,5,4,0,2,1,2,0,1,1,,0.0,0.5,0.0,4$,1.0,1.0,14299.3067443,402.3749448,405.329713296742,406.900577500001,407.7118814,2.38216810325866,408.4006178,408.919136933322,3,0.5,0.5,25,26,1,409.919136933322,0.0,"(1, 0)"
51,5,4,0,2,1,2,0,1,0,,2.0,0.5,0.0,2@,0.0,0.0,14299.3067443,409.9320147,412.962451424608,414.533052299999,414.9251962,1.96274477539191,416.033091900001,416.555883927647,3,0.490196078431373,0.509803921568627,26,26,1,417.555883927647,1.0,"(0, 2)"
52,5,4,0,2,1,2,0,1,1,,0.0,0.5,0.0,4$,1.0,1.0,14299.3067443,417.5725766,421.186890276756,422.758218499999,423.1315822,1.94469192324323,424.258260299999,424.714218676221,3,0.5,0.5,26,27,1,425.714218676221,0.0,"(1, 0)"
53,5,4,0,2,1,2,0,1,2,,2.0,0.35,1.0,2@,1.0,1.0,14299.3067443,425.7301482,428.82650092155,430.397774200001,430.4854165,1.65891557844952,431.8978161,432.92960426938,3,0.509433962264151,0.490566037735849,27,27,1,433.92960426938,1.0,"(2, 2)"
54,5,4,0,2,1,2,0,1,1,,0.0,0.5,0.0,2@,0.0,0.0,14299.3067443,433.9376594,438.291741312303,439.8629115,440.0802401,1.78849878769688,441.3631291,442.670253888793,3,0.5,0.5,28,27,1,443.670253888793,1.0,"(1, 0)"
55,5,4,0,2,1,2,0,1,2,,1.0,0.5,0.0,4$,1.0,1.0,14299.3067443,443.679920500001,446.661624734179,448.232928900001,448.582181399999,1.92055666582019,449.732973800001,450.458205601146,3,0.509090909090909,0.490909090909091,28,28,1,451.458205601146,0.0,"(2, 1)"
56,5,4,0,2,1,2,0,1,0,,2.0,0.5,0.0,2@,0.0,0.0,14299.3067443,451.470423500001,454.212854086174,455.7838374,456.0454599,1.83260581382638,457.283882899999,458.078203580706,3,0.5,0.5,29,28,1,459.078203580706,1.0,"(0, 2)"
57,5,4,0,2,1,2,0,1,1,,0.0,0.5,0.0,4$,1.0,1.0,14299.3067443,459.0943439,462.210639626395,463.7818845,463.926280899999,1.71564127360398,465.2819287,465.980637116905,3,0.508771929824561,0.491228070175439,29,29,1,466.980637116905,0.0,"(1, 0)"
58,5,4,0,2,1,2,0,1,2,,1.0,0.5,0.0,2@,0.0,0.0,14299.3067443,466.984821399999,471.948293528916,473.623670200001,473.408418700001,1.46012517108466,475.123712299999,475.810328120533,3,0.5,0.5,30,29,1,476.810328120533,1.0,"(2, 1)"
59,5,4,0,2,1,2,0,1,0,,0.0,0.35,1.0,4$,0.0,1.0,14299.3067443,476.827405800001,479.791762269515,481.3627153,481.555299600001,1.76353733048563,482.8629291,483.6444551439,3,0.491525423728814,0.508474576271186,30,30,0,484.6444551439,0.0,"(0, 0)"
60,5,4,0,2,1,2,0,1,1,,1.0,0.35,1.0,2@,1.0,1.0,14299.3067443,484.651115799999,487.161593372795,488.732622699999,489.120552,1.95895862720499,490.2326624,491.541684189051,3,0.5,0.5,30,31,1,492.541684189051,1.0,"(1, 1)"
1,6,5,0,2,1,2,0,1,2,0.0,,0.35,1.0,2@,1.0,1.0,14859.1248798,0.0009210999996867,2.35666917563867,3.85905310000089,4.0001071000006,1.64343792436193,5.35909709999942,6.30319008832703,3,1.0,0.0,1,1,1,7.30319008832703,1.0,"(2, 0)"
2,6,5,0,2,1,2,0,1,1,2.0,,0.5,0.0,4$,1.0,1.0,14859.1248798,7.30953109999973,9.68575714324288,11.1880849999998,11.2643473000007,1.57859015675785,12.6881264000003,13.4739621862227,3,1.0,0.0,2,1,1,14.4739621862227,0.0,"(1, 2)"
3,6,5,0,2,1,2,0,1,0,0.0,,0.5,0.0,4$,1.0,0.0,14859.1248798,14.4828720999994,18.5325576460291,20.0349567000012,20.0490989999998,1.51654135397075,21.5356843999998,22.6404668127689,3,1.0,0.0,3,1,0,23.6404668127689,0.0,"(0, 0)"
4,6,5,0,2,1,2,0,1,1,1.0,,0.35,1.0,2@,1.0,1.0,14859.1248798,23.6580634000002,25.8825065051915,27.3849909,27.7947333000011,1.91222679480961,28.8850851000007,29.3838424375608,3,1.0,0.0,4,1,1,30.3838424375608,1.0,"(1, 1)"
5,6,5,0,2,1,2,0,1,0,0.0,,0.5,0.0,4$,1.0,1.0,14859.1248798,30.3975050999998,32.9189054441031,34.4212726999995,34.7110653,1.7921598558969,35.9213135000009,36.6469396251086,3,1.0,0.0,5,1,1,37.6469396251086,0.0,"(0, 0)"
6,6,5,0,2,1,2,0,1,1,1.0,,0.35,1.0,2@,1.0,1.0,14859.1248798,37.6542879000008,40.7619246493286,41.9021116000004,41.7542140000005,0.992289350671854,43.4021535000011,44.7778111970656,3,1.0,0.0,6,1,1,45.7778111970656,1.0,"(1, 1)"
7,6,5,0,2,1,2,0,1,2,2.0,,0.15,1.0,2@,1.0,0.0,14859.1248798,45.7952347000009,50.0298976355043,51.5328042000001,51.6641208000001,1.63422316449578,53.0328454999999,53.8209475987424,3,1.0,0.0,7,1,0,54.8209475987424,1.0,"(2, 2)"
8,6,5,0,2,1,2,0,1,1,1.0,,0.35,1.0,2@,1.0,1.0,14859.1248798,54.8368250000003,57.0070114277623,58.5095371000007,59.0832651000001,2.07625367223773,60.009584200001,60.5387682258897,3,1.0,0.0,8,1,1,61.5387682258897,1.0,"(1, 1)"
9,6,5,0,2,1,2,0,1,2,0.0,,0.35,1.0,4$,0.0,0.0,14859.1248798,61.5429643000007,65.5935976644687,67.0960128999996,67.4293510999996,1.83575343553093,68.5960534000005,70.0227330157268,3,0.888888888888889,0.111111111111111,9,1,1,71.0227330157268,0.0,"(2, 0)"
10,6,5,0,2,1,2,0,1,0,2.0,,0.35,1.0,2@,1.0,1.0,14859.1248798,71.0351498,73.9982115087969,75.6323415999996,75.4894122000005,1.49120069120363,77.1323857000007,77.8976915192525,3,0.9,0.1,9,2,1,78.8976915192525,1.0,"(0, 2)"
11,6,5,0,2,1,2,0,1,2,1.0,,0.5,0.0,2@,0.0,0.0,14859.1248798,78.9092505000008,81.1191903592135,82.6215749000003,82.9991929999997,1.88000264078619,84.1222737999997,85.0423519528849,3,0.818181818181818,0.181818181818182,10,2,1,86.0423519528849,1.0,"(2, 1)"
12,6,5,0,2,1,2,0,1,1,2.0,,0.5,0.0,2@,0.0,0.0,14859.1248798,86.0490234999997,88.4578858961449,89.9604130999996,90.4724540000007,2.01456810385571,91.4604524999995,92.8312402443407,3,0.75,0.25,10,3,1,93.8312402443407,1.0,"(1, 2)"
13,6,5,0,2,1,2,0,1,0,1.0,,0.15,1.0,2@,1.0,1.0,14859.1248798,93.8395687000011,97.6953151824837,99.1976068000004,99.567173200001,1.8718580175173,100.697648200001,101.76775113214,3,0.769230769230769,0.230769230769231,10,4,1,102.76775113214,1.0,"(0, 1)"
14,6,5,0,2,1,2,0,1,1,2.0,,0.5,0.0,4$,1.0,1.0,14859.1248798,102.7813152,107.010615331104,108.5130264,108.905013600001,1.89439826889611,110.0130665,110.541957264732,3,0.785714285714286,0.214285714285714,11,4,1,111.541957264732,0.0,"(1, 2)"
15,6,5,0,2,1,2,0,1,0,0.0,,0.5,0.0,2@,0.0,1.0,14859.1248798,111.556035600001,114.81183963414,116.314430800001,116.6352539,1.82341426586027,117.814472,118.640898553384,3,0.733333333333333,0.266666666666667,12,4,0,119.640898553384,1.0,"(0, 0)"
16,6,5,0,2,1,2,0,1,2,1.0,,0.5,0.0,2@,0.0,0.0,14859.1248798,119.646813400001,123.081479370519,124.5843809,125.0230486,1.94156922948059,126.0849442,126.717167741206,3,0.6875,0.3125,12,5,1,127.717167741206,1.0,"(2, 1)"
17,6,5,0,2,1,2,0,1,1,2.0,,0.5,0.0,2@,0.0,0.0,14859.1248798,127.7208644,130.971237557269,132.473473800001,132.737271800001,1.76603424273162,133.973514000001,134.666779965499,3,0.647058823529412,0.352941176470588,12,6,1,135.666779965499,1.0,"(1, 2)"
18,6,5,0,2,1,2,0,1,2,1.0,,0.5,0.0,2@,0.0,0.0,14859.1248798,135.6783357,140.132747195892,141.635298900001,141.9377427,1.80499550410786,143.1353387,144.329812486738,3,0.611111111111111,0.388888888888889,12,7,1,145.329812486738,1.0,"(2, 1)"
19,6,5,0,2,1,2,0,1,0,2.0,,0.35,1.0,2@,1.0,1.0,14859.1248798,145.3372497,147.746361789959,149.2486997,149.4296904,1.68332861004092,150.7487406,151.919143985508,3,0.631578947368421,0.368421052631579,12,8,1,152.919143985508,1.0,"(0, 2)"
20,6,5,0,2,1,2,0,1,1,0.0,,0.15,1.0,2@,1.0,0.0,14859.1248798,152.927668300001,156.577623413159,158.080064400001,158.4436883,1.86606488684083,159.580105000001,160.840698661656,3,0.65,0.35,13,8,0,161.840698661656,1.0,"(1, 0)"
21,6,5,0,2,1,2,0,1,0,2.0,,0.35,1.0,2@,1.0,0.0,14859.1248798,161.8525814,165.461321365112,166.964052200001,167.0471524,1.58583103488854,168.4641682,169.206293274554,3,0.666666666666667,0.333333333333333,14,8,0,170.206293274554,1.0,"(0, 2)"
22,6,5,0,2,1,2,0,1,1,1.0,,0.35,1.0,2@,1.0,1.0,14859.1248798,170.210417800001,173.06852761267,174.570908,174.988096700001,1.91956908733118,176.070991500001,177.049153555245,3,0.681818181818182,0.318181818181818,15,8,1,178.049153555245,1.0,"(1, 1)"
23,6,5,0,2,1,2,0,1,0,2.0,,0.35,1.0,2@,1.0,1.0,14859.1248798,178.0526317,182.899561574613,184.3958924,184.2511648,1.3516032253865,185.8959457,186.808600878272,3,0.695652173913043,0.304347826086957,16,8,1,187.808600878272,1.0,"(0, 2)"
24,6,5,0,2,1,2,0,1,2,0.0,,0.35,1.0,2@,1.0,1.0,14859.1248798,187.8121047,192.692551933576,194.222424900001,194.0772034,1.38465146642375,195.722473100001,196.542718865387,3,0.708333333333333,0.291666666666667,17,8,1,197.542718865387,1.0,"(2, 0)"
25,6,5,0,2,1,2,0,1,0,2.0,,0.35,1.0,2@,1.0,0.0,14859.1248798,197.5522891,201.121368392643,202.624097800001,203.375265800001,2.25389740735773,204.1241682,204.994270616291,3,0.72,0.28,18,8,0,205.994270616291,1.0,"(0, 2)"
26,6,5,0,2,1,2,0,1,2,1.0,,0.5,0.0,2@,0.0,0.0,14859.1248798,206.010135800001,209.402772562795,210.9049899,211.4732114,2.07043883720507,212.405030899999,213.575096436443,3,0.692307692307692,0.307692307692308,19,8,1,214.575096436443,1.0,"(2, 1)"
27,6,5,0,2,1,2,0,1,1,2.0,,0.5,0.0,4$,1.0,1.0,14859.1248798,214.584879399999,216.964562898831,218.467040200001,218.6568247,1.69226180116857,219.967080599999,220.482170366244,3,0.703703703703704,0.296296296296296,19,9,1,221.482170366244,0.0,"(1, 2)"
28,6,5,0,2,1,2,0,1,0,0.0,,0.5,0.0,2@,0.0,0.0,14859.1248798,221.491188400001,225.365071720023,226.850278600001,226.701241500001,1.33616977997735,228.350322800001,229.447029851313,3,0.678571428571429,0.321428571428571,20,9,1,230.447029851313,1.0,"(0, 0)"
29,6,5,0,2,1,2,0,1,2,1.0,,0.5,0.0,2@,0.0,0.0,14859.1248798,230.4512679,232.731407669187,234.2340819,234.536323600001,1.80491593081388,235.734125200001,236.499282176355,3,0.655172413793103,0.344827586206897,20,10,1,237.499282176355,1.0,"(2, 1)"
30,6,5,0,2,1,2,0,1,0,0.0,,0.5,0.0,2@,0.0,0.0,14859.1248798,237.506037900001,242.351815833843,243.868135000001,243.718256800001,1.36644096615782,245.3681787,246.350616176436,3,0.633333333333333,0.366666666666667,20,11,1,247.350616176436,1.0,"(0, 0)"
31,6,5,0,2,1,2,0,1,1,1.0,,0.35,1.0,2@,1.0,0.0,14859.1248798,247.3651138,252.288039481562,253.7903494,254.251418100001,1.96337861843858,255.290389900001,256.448850780094,3,0.645161290322581,0.354838709677419,20,12,0,257.448850780094,1.0,"(1, 1)"
32,6,5,0,2,1,2,0,1,2,2.0,,0.15,1.0,2@,1.0,1.0,14859.1248798,257.457797500001,262.401958878367,263.904556200001,264.727018699999,2.32505982163275,265.4045984,266.616633052259,3,0.65625,0.34375,21,12,1,267.616633052259,1.0,"(2, 2)"
33,6,5,0,2,1,2,0,1,0,0.0,,0.5,0.0,2@,0.0,0.0,14859.1248798,267.634015900001,270.156696501614,271.605785100001,271.454953599999,1.29825709838587,273.1058249,274.169087820934,3,0.636363636363636,0.363636363636364,22,12,1,275.169087820934,1.0,"(0, 0)"
34,6,5,0,2,1,2,0,1,1,2.0,,0.5,0.0,2@,0.0,0.0,14859.1248798,275.1741334,277.585554444711,279.0884243,279.360634300001,1.77507985528973,280.5884639,281.362312328409,3,0.617647058823529,0.382352941176471,22,13,1,282.362312328409,1.0,"(1, 2)"
35,6,5,0,2,1,2,0,1,2,1.0,,0.5,0.0,2@,0.0,0.0,14859.1248798,282.366008200001,287.210727455869,288.713151400001,289.2381659,2.02743844413089,290.2131911,290.879258277066,3,0.6,0.4,22,14,1,291.879258277066,1.0,"(2, 1)"
36,6,5,0,2,1,2,0,1,0,0.0,,0.5,0.0,2@,0.0,0.0,14859.1248798,291.8895859,295.565804522252,296.945152600001,296.799941000001,1.23413647774942,298.445193699999,299.766115117271,3,0.583333333333333,0.416666666666667,22,15,1,300.766115117271,1.0,"(0, 0)"
37,6,5,0,2,1,2,0,1,1,2.0,,0.5,0.0,2@,0.0,0.0,14859.1248798,300.7812414,302.961352641842,304.4637841,305.017373500001,2.05602085815917,305.963888,306.774757457179,3,0.567567567567568,0.432432432432432,22,16,1,307.774757457179,1.0,"(1, 2)"
38,6,5,0,2,1,2,0,1,2,0.0,,0.35,1.0,2@,1.0,0.0,14859.1248798,307.7877527,310.833652277166,312.3358938,312.7542118,1.92055952283408,313.8359341,314.367927360392,3,0.578947368421053,0.421052631578947,22,17,0,315.367927360392,1.0,"(2, 0)"
39,6,5,0,2,1,2,0,1,0,1.0,,0.15,1.0,2@,1.0,1.0,14859.1248798,315.3780178,317.772967528868,319.2757576,319.397341,1.62437347113155,320.775802,321.479800837102,3,0.58974358974359,0.41025641025641,23,17,1,322.479800837102,1.0,"(0, 1)"
40,6,5,0,2,1,2,0,1,1,0.0,,0.15,1.0,4$,0.0,0.0,14859.1248798,322.484582500001,325.09380853135,326.5966919,326.956217500001,1.86240896865093,328.096732400001,328.730231055104,3,0.575,0.425,24,17,1,329.730231055104,0.0,"(1, 0)"
41,6,5,0,2,1,2,0,1,0,2.0,,0.35,1.0,2@,1.0,1.0,14859.1248798,329.7413707,332.829292654937,334.4357865,334.289925000001,1.46063234506437,335.9360904,336.499692337247,3,0.585365853658537,0.414634146341463,24,18,1,337.499692337247,1.0,"(0, 2)"
42,6,5,0,2,1,2,0,1,2,1.0,,0.5,0.0,2@,0.0,0.0,14859.1248798,337.515485800001,341.103892075318,342.6064267,342.963983200001,1.86009112468309,344.1064673,344.638450838016,3,0.571428571428571,0.428571428571429,25,18,1,345.638450838016,1.0,"(2, 1)"
43,6,5,0,2,1,2,0,1,1,0.0,,0.15,1.0,4$,0.0,1.0,14859.1248798,345.6561865,349.548777626638,351.0514155,351.2356831,1.68690547336155,352.551457900001,353.804095721776,3,0.558139534883721,0.441860465116279,25,19,0,354.804095721776,0.0,"(1, 0)"
44,6,5,0,2,1,2,0,1,2,1.0,,0.5,0.0,4$,1.0,1.0,14859.1248798,354.814817,359.219435484971,360.722235499999,361.202047700001,1.9826122150298,362.222279600001,363.412710808967,3,0.568181818181818,0.431818181818182,25,20,1,364.412710808967,0.0,"(2, 1)"
45,6,5,0,2,1,2,0,1,1,2.0,,0.5,0.0,4$,1.0,1.0,14859.1248798,364.423475200001,369.317446812192,370.820136600001,371.6037041,2.28625728780753,372.320186000001,372.888695929918,3,0.577777777777778,0.422222222222222,26,20,1,373.888695929918,0.0,"(1, 2)"
46,6,5,0,2,1,2,0,1,2,0.0,,0.35,1.0,2@,1.0,1.0,14859.1248798,373.898877900001,378.042435049347,379.545273900001,379.629176500001,1.58674145065379,381.045315400001,382.402239439256,3,0.58695652173913,0.41304347826087,27,20,1,383.402239439256,1.0,"(2, 0)"
47,6,5,0,2,1,2,0,1,0,2.0,,0.35,1.0,2@,1.0,1.0,14859.1248798,383.4075968,386.755084510534,388.2574929,388.486046,1.7309614894657,389.7575335,390.920774921924,3,0.595744680851064,0.404255319148936,28,20,1,391.920774921924,1.0,"(0, 2)"
48,6,5,0,2,1,2,0,1,2,1.0,,0.5,0.0,4$,1.0,0.0,14859.1248798,391.932243200001,394.20063281964,395.703950000001,396.1360525,1.9354196803597,397.2039957,397.706250391098,3,0.604166666666667,0.395833333333333,29,20,0,398.706250391098,0.0,"(2, 1)"
49,6,5,0,2,1,2,0,1,0,0.0,,0.5,0.0,2@,0.0,0.0,14859.1248798,398.7221646,401.475722002411,402.979106799999,403.5354278,2.05970579758832,404.4791491,405.836835379743,3,0.591836734693878,0.408163265306122,30,20,1,406.836835379743,1.0,"(0, 0)"
50,6,5,0,2,1,2,0,1,2,2.0,,0.15,1.0,2@,1.0,1.0,14859.1248798,406.846117500001,411.17654474753,412.6789677,412.6940108,1.5174660524699,414.1790084,415.386041658223,3,0.6,0.4,30,21,1,416.386041658223,1.0,"(2, 2)"
51,6,5,0,2,1,2,0,1,1,1.0,,0.35,1.0,2@,1.0,1.0,14859.1248798,416.389992300001,418.47447542679,419.9771884,420.1601228,1.68564737320958,421.477229100001,422.624010993904,3,0.607843137254902,0.392156862745098,31,21,1,423.624010993904,1.0,"(1, 1)"
52,6,5,0,2,1,2,0,1,2,0.0,,0.35,1.0,4$,0.0,1.0,14859.1248798,423.6282006,426.367741315296,427.870149100001,428.2591859,1.891444584704,429.370189700001,430.560090491466,3,0.596153846153846,0.403846153846154,32,21,0,431.560090491466,0.0,"(2, 0)"
53,6,5,0,2,1,2,0,1,0,1.0,,0.15,1.0,4$,0.0,0.0,14859.1248798,431.5690204,434.414429671973,435.917042900001,436.0167256,1.60229592802716,437.4170866,438.652662932647,3,0.584905660377358,0.415094339622642,32,22,1,439.652662932647,0.0,"(0, 1)"
54,6,5,0,2,1,2,0,1,2,0.0,,0.35,1.0,2@,1.0,1.0,14859.1248798,439.6597509,443.83457509511,445.374947,445.229225500001,1.39465040489085,446.874989600001,448.22145845516,3,0.592592592592593,0.407407407407407,32,23,1,449.22145845516,1.0,"(2, 0)"
55,6,5,0,2,1,2,0,1,1,2.0,,0.5,0.0,2@,0.0,0.0,14859.1248798,449.2354146,452.491055589524,453.993656099999,454.182778,1.69172241047636,455.493697100001,456.491352445884,3,0.581818181818182,0.418181818181818,33,23,1,457.491352445884,1.0,"(1, 2)"
56,6,5,0,2,1,2,0,1,0,0.0,,0.5,0.0,2@,0.0,0.0,14859.1248798,457.49524,459.855826182426,461.358382599999,461.715712499999,1.85988631757391,462.8584243,463.37842639377,3,0.571428571428571,0.428571428571429,33,24,1,464.37842639377,1.0,"(0, 0)"
57,6,5,0,2,1,2,0,1,2,1.0,,0.5,0.0,2@,0.0,0.0,14859.1248798,464.3826199,468.52271115779,470.0251804,470.359531800001,1.83682064221102,471.5252212,472.693042963956,3,0.56140350877193,0.43859649122807,33,25,1,473.693042963956,1.0,"(2, 1)"
58,6,5,0,2,1,2,0,1,1,2.0,,0.5,0.0,4$,1.0,0.0,14859.1248798,473.7080443,476.706421641804,478.208803,478.3582565,1.6518348581958,479.708843800001,480.635276585892,3,0.568965517241379,0.431034482758621,33,26,0,481.635276585892,0.0,"(1, 2)"
59,6,5,0,2,1,2,0,1,0,0.0,,0.5,0.0,2@,0.0,0.0,14859.1248798,481.6488434,484.685247764532,485.8888747,485.737892900001,1.05264513546899,487.3889199,488.726556036583,3,0.559322033898305,0.440677966101695,34,26,1,489.726556036583,1.0,"(0, 0)"
60,6,5,0,2,1,2,0,1,1,1.0,,0.35,1.0,4$,0.0,0.0,14859.1248798,489.7395887,491.898964488862,493.4017296,493.6148436,1.71587911113784,494.90177,495.62645094095,3,0.55,0.45,34,27,1,496.62645094095,0.0,"(1, 1)"
