source	parcel_id	name	signal	mean	sem	t	p	dz	frac_sig_pos	frac_sig_neg	p_holm
model7	1	Frontal Pole L	rpe	0.23603152178828443	0.02762351789587734	8.544585909657467	8.628225907742143e-12	1.1219590960605696	0.7458823529411764	0.0	2.3641338987213473e-09
model7	1	Frontal Pole L	urpe	-0.06324835778471215	0.018994119117371262	-3.329891604547627	0.0015278557312574377	-0.4372361884026868	0.0	0.18941176470588236	0.25667976285124955
model7	1	Frontal Pole L	surprise	0.01573206004165885	0.011741136882879625	1.3399094311385296	0.18559217548025378	0.1759387277579004	0.004705882352941176		1.0
model7	2	Frontal Pole R	rpe	0.10831166721245934	0.022126098038441577	4.895199642715139	8.446448860407258e-06	0.6427712032211131	0.2631305252210088	0.0	0.0018244329538479676
model7	2	Frontal Pole R	urpe	0.021409399645644565	0.014898659809307463	1.4370017115411764	0.15618428183477517	0.1886875687557879	0.16484659386375455	0.0514820592823713	1.0
model7	2	Frontal Pole R	surprise	0.0089463780636824	0.00949782971102971	0.941939194097477	0.3501989580499305	0.12368267554770156	0.0		1.0
model7	3	Insular Cortex L	rpe	0.07640108014439059	0.02906835285622236	2.62832505585318	0.011007535398754589	0.3451159874799122	0.2516778523489933	0.0	1.0
model7	3	Insular Cortex L	urpe	-0.03151123293322334	0.02253527403093495	-1.3983070669549782	0.16743801570604616	-0.1836067130043994	0.08053691275167785	0.16778523489932887	1.0
model7	3	Insular Cortex L	surprise	0.0019177098492919162	0.010759643071690495	0.1782317346880742	0.8591729314321082	0.0234029733042915	0.0		1.0
model7	4	Insular Cortex R	rpe	0.03765087754546473	0.03229623726999529	1.1657976509989338	0.24855135998595224	0.15307673098891375	0.07348242811501597	0.0	1.0
model7	4	Insular Cortex R	urpe	-0.05127557841537402	0.021582970067556138	-2.375742460601022	0.02089825149135831	-0.31195026789490016	0.13738019169329074	0.3514376996805112	1.0
model7	4	Insular Cortex R	surprise	-0.001178238565580859	0.01188694228507602	-0.09912040769812853	0.9213904455094124	-0.013015147158442644	0.0		1.0
model7	5	Superior Frontal Gyrus L	rpe	0.1601534543617398	0.029473635161158033	5.433786958617129	1.191473615690212e-06	0.7134911824556961	0.5503649635036496	0.0	0.0002740389316087488
model7	5	Superior Frontal Gyrus L	urpe	-0.040336844811024224	0.01858298433408887	-2.170633310874066	0.03413857885440215	-0.2850181170973628	0.032116788321167884	0.1927007299270073	1.0
model7	5	Superior Frontal Gyrus L	surprise	0.03535963093839316	0.01098139734051385	3.2199573371177714	0.002118579049798893	0.4228011118974257	0.08029197080291971		0.3410912270176218
model7	6	Superior Frontal Gyrus R	rpe	0.04191257216495799	0.02480421506913324	1.689735879492299	0.09654151775592246	0.2218731908112198	0.3117744610281924	0.0	1.0
model7	6	Superior Frontal Gyrus R	urpe	0.004136518940972726	0.015769050500720194	0.2623188340213512	0.794021378613381	0.03444415036726526	0.1077943615257048	0.04643449419568822	1.0
model7	6	Superior Frontal Gyrus R	surprise	0.020443552895794255	0.009561604329049896	2.1380881484169985	0.036809618041944804	0.2807447279082852	0.0		1.0
model7	7	Middle Frontal Gyrus L	rpe	0.17252619267932987	0.031355450230250534	5.502271261054424	9.25014165347391e-07	0.7224836119156237	0.5929078014184397	0.0	0.00021460328636059472
model7	7	Middle Frontal Gyrus L	urpe	0.0013553977008980834	0.02154098557104954	0.06292180533836383	0.950048904508696	0.008262037808074402	0.0	0.11914893617021277	1.0
model7	7	Middle Frontal Gyrus L	surprise	0.03248700786714224	0.010056471114817457	3.2304580300812544	0.002053993671175347	0.42417992043301583	0.062411347517730496		0.3348009684015816
model7	8	Middle Frontal Gyrus R	rpe	0.04082756935197117	0.029898295318858435	1.365548400554431	0.17744556517653806	0.17930528937410192	0.2222222222222222	0.0	1.0
model7	8	Middle Frontal Gyrus R	urpe	0.09494462367758241	0.024255693191078558	3.914323244841496	0.00024446024740386936	0.5139758223400313	0.3646322378716745	0.0	0.04595852651192744
model7	8	Middle Frontal Gyrus R	surprise	0.021344434357720633	0.011585881086623022	1.842279771226443	0.07063778525075282	0.24190318508936995	0.0		1.0
model7	9	Inferior Frontal Gyrus, pars triangularis L	rpe	0.18497413669211668	0.033648994247338346	5.497166879118482	9.426584469439488e-07	0.7218133737316614	0.7066666666666667	0.0	0.00021775410124405217
model7	9	Inferior Frontal Gyrus, pars triangularis L	urpe	-0.018232701545667442	0.02531127454838759	-0.7203391323029571	0.474259975086057	-0.09458516191196906	0.0	0.0	1.0
model7	9	Inferior Frontal Gyrus, pars triangularis L	surprise	0.020021715733224258	0.0104411165261134	1.9175837836068224	0.06017954488494805	0.251791086335062	0.0		1.0
model7	10	Inferior Frontal Gyrus, pars triangularis R	rpe	-0.03226285383202514	0.032121017765831435	-1.004415677835233	0.3194232910769898	-0.13188623976492472	0.025210084033613446	0.14285714285714285	1.0
model7	10	Inferior Frontal Gyrus, pars triangularis R	urpe	0.014167265117248407	0.022217976456376232	0.6376487591057199	0.5262556184150154	0.08372738397560062	0.04201680672268908	0.0	1.0
model7	10	Inferior Frontal Gyrus, pars triangularis R	surprise	0.01726380086195477	0.011939642836399866	1.4459227213500372	0.15367520588775913	0.18985895473129596	0.0		1.0
model7	11	Inferior Frontal Gyrus, pars opercularis L	rpe	0.13318580418328724	0.033125308409742336	4.020666088171923	0.00017243805366025866	0.52793932175791	0.46632124352331605	0.0	0.03310810630276966
model7	11	Inferior Frontal Gyrus, pars opercularis L	urpe	0.04290032711717175	0.025655379069415854	1.6721767002972816	0.09997071543753296	0.21956755762717745	0.0	0.0	1.0
model7	11	Inferior Frontal Gyrus, pars opercularis L	surprise	0.020833872434072722	0.009191491829320214	2.2666475498149423	0.027224221793012572	0.2976254043164303	0.0		1.0
model7	12	Inferior Frontal Gyrus, pars opercularis R	rpe	0.010603426388724647	0.0350026652516201	0.3029319713942031	0.7630445411610447	0.03977691656293632	0.0	0.0658682634730539	1.0
model7	12	Inferior Frontal Gyrus, pars opercularis R	urpe	0.0783026944089347	0.02721305350122519	2.8773946446476253	0.005633682227569864	0.37782042671834876	0.17964071856287425	0.0	0.8450523341354796
model7	12	Inferior Frontal Gyrus, pars opercularis R	surprise	0.00648810967578824	0.0117116539984689	0.5539874791926442	0.581754354898561	0.0727421197417359	0.0		1.0
model7	13	Precentral Gyrus L	rpe	0.1558870379450742	0.027883645675871704	5.590626123899088	6.665149485785533e-07	0.7340851737815666	0.5784671532846716	0.0	0.0001579640428131171
model7	13	Precentral Gyrus L	urpe	-0.04265705142811635	0.02101574601607843	-2.0297662236439713	0.04705762541163366	-0.26652136236583973	0.0	0.07481751824817519	1.0
model7	13	Precentral Gyrus L	surprise	0.009128291286906839	0.00883066964070511	1.0337031797486609	0.30564090803514415	0.13573187716854926	0.0		1.0
model7	14	Precentral Gyrus R	rpe	0.15095446343047805	0.02844656804988823	5.30659667506257	1.9023484664792733e-06	0.6967902800277305	0.5508228460793805	0.0	0.000431833101890795
model7	14	Precentral Gyrus R	urpe	-0.06097564898683805	0.022025299744881124	-2.7684367383471966	0.00758546960980681	-0.3635135527101755	0.001936108422071636	0.1606969990319458	1.0
model7	14	Precentral Gyrus R	surprise	0.002829720585952634	0.007844180933306235	0.36074137121668076	0.719626303420646	0.047367662639387347	0.0		1.0
model7	17	Superior Temporal Gyrus, anterior division L	rpe	0.05571092726625037	0.019062502248160293	2.922540102080616	0.004970556497859369	0.38374831569369516	0.10606060606060606	0.0	0.7505540311767648
model7	17	Superior Temporal Gyrus, anterior division L	urpe	-0.06917443845665132	0.01878374971859462	-3.6826746252998346	0.0005146473275390928	-0.48355886843113666	0.0	0.24242424242424243	0.09160722430195851
model7	17	Superior Temporal Gyrus, anterior division L	surprise	0.005568356026474429	0.008237930321708482	0.6759411416482576	0.501811430005945	0.08875542013296116	0.0		1.0
model7	18	Superior Temporal Gyrus, anterior division R	rpe	0.09956974233464594	0.02584896894448975	3.8519811969471727	0.0002993396534671165	0.5057899104138577	0.4696969696969697	0.0	0.055187883688072856
model7	18	Superior Temporal Gyrus, anterior division R	urpe	-0.0855206777342405	0.022269223973139653	-3.840307944156137	0.0003108548119527096	-0.504257137229997	0.0	0.3333333333333333	0.05688643058734586
model7	18	Superior Temporal Gyrus, anterior division R	surprise	0.013651750237135399	0.01143974463536478	1.1933614492523226	0.23767129116570293	0.1566960350136313	0.0		1.0
model7	19	Superior Temporal Gyrus, posterior division L	rpe	0.08472880939099191	0.0205505623125179	4.122943601371984	0.0001227687596710772	0.541369017177973	0.5	0.0	0.023968716088928022
model7	19	Superior Temporal Gyrus, posterior division L	urpe	-0.0066923281647587925	0.01760585946729861	-0.3801193674861044	0.7052695792079405	-0.049912118205494384	0.0	0.03211009174311927	1.0
model7	19	Superior Temporal Gyrus, posterior division L	surprise	0.007566256441729347	0.008029627755461632	0.9422923044698918	0.3500197573247551	0.1237290412111091	0.0		1.0
model7	20	Superior Temporal Gyrus, posterior division R	rpe	0.032589546176724875	0.023215031543390163	1.4038122720537007	0.1657997685650608	0.18432958184807383	0.21008403361344538	0.0	1.0
model7	20	Superior Temporal Gyrus, posterior division R	urpe	-0.01092524522473194	0.023489245993265552	-0.4651168976587944	0.6436198203871313	-0.06107284069435693	0.0	0.08403361344537816	1.0
model7	20	Superior Temporal Gyrus, posterior division R	surprise	0.01287413284856647	0.010616505391482452	1.2126525983677543	0.23026476891036216	0.15922908698974364	0.0		1.0
model7	21	Middle Temporal Gyrus, anterior division L	rpe	0.08800229410656717	0.017255966698656682	5.0998182624806425	4.043000578927519e-06	0.6696389442792015	0.6814159292035398	0.0	0.0008975461285219092
model7	21	Middle Temporal Gyrus, anterior division L	urpe	-0.07819993347977189	0.01601678714008556	-4.882373274728689	8.842728865468698e-06	-0.6410870185942663	0.0	0.6283185840707964	0.0018923439772103015
model7	21	Middle Temporal Gyrus, anterior division L	surprise	0.008898770335099348	0.007636832930546969	1.1652435526649652	0.24877368423991025	0.15300397431322685	0.0		1.0
model7	22	Middle Temporal Gyrus, anterior division R	rpe	0.1046041893323986	0.01823480097733133	5.736513903411271	3.8692926352857393e-07	0.7532411777071369	0.63	0.0	9.286302324685775e-05
model7	22	Middle Temporal Gyrus, anterior division R	urpe	-0.0629999572883659	0.017579892103086237	-3.583637312387483	0.0007025647045931303	-0.4705546321526036	0.0	0.25	0.12435395271298406
model7	22	Middle Temporal Gyrus, anterior division R	surprise	0.009380869924370299	0.00925768855703202	1.0133058448207044	0.3151962183694224	0.13305357587931427	0.0		1.0
model7	23	Middle Temporal Gyrus, posterior division L	rpe	0.13093699404158474	0.020482610396349157	6.392593107415794	3.24725976407316e-08	0.8393885976584173	0.754601226993865	0.0	8.053204214901436e-06
model7	23	Middle Temporal Gyrus, posterior division L	urpe	-0.041988147156781466	0.019277522051530112	-2.17808839977173	0.03355121120465036	-0.2859970182271673	0.0	0.10122699386503067	1.0
model7	23	Middle Temporal Gyrus, posterior division L	surprise	0.018676970298925833	0.012746517671389498	1.4652606131671297	0.14834441665119077	0.19239814432482563	0.0		1.0
model7	24	Middle Temporal Gyrus, posterior division R	rpe	0.030749622085034727	0.018806399891020446	1.6350615887795117	0.10754735590841333	0.21469410472858824	0.19298245614035087	0.0	1.0
model7	24	Middle Temporal Gyrus, posterior division R	urpe	0.010003928183613696	0.02022756795412269	0.4945690063334945	0.6228052709321186	0.06494009202462869	0.0	0.0	1.0
model7	24	Middle Temporal Gyrus, posterior division R	surprise	0.009793972950334441	0.009626672007571987	1.0173788971547864	0.3132722322339094	0.13358839385215351	0.0		1.0
model7	25	Middle Temporal Gyrus, temporooccipital part L	rpe	0.19714531845926925	0.029590538853844776	6.6624443519944085	1.1594518196234542e-08	0.8748218019867916	0.8761904761904762	0.0	2.921818585451105e-06
model7	25	Middle Temporal Gyrus, temporooccipital part L	urpe	-0.07846684474869599	0.016841251014865846	-4.659205226466428	1.9501473279705355e-05	-0.6117836182486824	0.0	0.5	0.0040368049688990085
model7	25	Middle Temporal Gyrus, temporooccipital part L	surprise	0.008143586784769149	0.010335121795951908	0.7879526671818085	0.4339890380524549	0.10346325398994745	0.0		1.0
model7	26	Middle Temporal Gyrus, temporooccipital part R	rpe	0.1097278454164062	0.029781006905084034	3.6844907818638637	0.0005116975176362789	0.4837973414710741	0.4065934065934066	0.0	0.09159385565689392
model7	26	Middle Temporal Gyrus, temporooccipital part R	urpe	-0.0976194153664229	0.023731299401555005	-4.1135301407063425	0.0001266887288816198	-0.5401329692371024	0.0	0.4432234432234432	0.02457761340303424
model7	26	Middle Temporal Gyrus, temporooccipital part R	surprise	0.020080137493317655	0.011583692930149082	1.7334832349582336	0.08841655763280377	0.22761750000449799	0.0		1.0
model7	29	Inferior Temporal Gyrus, posterior division L	rpe	0.13715175372900443	0.018693625785720445	7.336819261342598	8.734812086061648e-10	0.9633715657434011	0.7974683544303798	0.0	2.2623163302899667e-07
model7	29	Inferior Temporal Gyrus, posterior division L	urpe	-0.04681396786696624	0.014158855010272082	-3.306338530411057	0.001639526294413741	-0.4341435182549333	0.0	0.18143459915611815	0.2738008911670948
model7	29	Inferior Temporal Gyrus, posterior division L	surprise	0.014390505291122603	0.0140241448225379	1.0261235514336624	0.3091683814684849	0.13473662321210428	0.0		1.0
model7	30	Inferior Temporal Gyrus, posterior division R	rpe	0.09680657981441301	0.013967630287076526	6.9307805135694895	4.1492118390325696e-09	0.9100560661704856	0.4419642857142857	0.0	1.0538998071142726e-06
model7	30	Inferior Temporal Gyrus, posterior division R	urpe	-0.02105149255339011	0.014579009359751748	-1.4439590533158542	0.15422477964382275	-0.18960111248640674	0.0	0.0	1.0
model7	30	Inferior Temporal Gyrus, posterior division R	surprise	0.006570749730186006	0.009446826805545755	0.6955509892833698	0.4895362512597621	0.0913303192748504	0.0		1.0
model7	31	Inferior Temporal Gyrus, temporooccipital part L	rpe	0.2628643887008069	0.032408622443274214	8.110939894495866	4.4977192805425844e-11	1.0650185846858666	1.0	0.0	1.2188819250270404e-08
model7	31	Inferior Temporal Gyrus, temporooccipital part L	urpe	-0.09468536185668451	0.01936025502066241	-4.890708400051067	8.583186732563234e-06	-0.6421814741677867	0.0	0.6033519553072626	0.0018453851475010953
model7	31	Inferior Temporal Gyrus, temporooccipital part L	surprise	0.007538744587812479	0.014453628160136024	0.5215814675933611	0.603982626921512	0.06848700195542322	0.0		1.0
model7	32	Inferior Temporal Gyrus, temporooccipital part R	rpe	0.2653839197818324	0.03234784200331822	8.204068752240394	3.1522369025095945e-11	1.0772470027926013	0.9846938775510204	0.0	8.574084374826096e-09
model7	32	Inferior Temporal Gyrus, temporooccipital part R	urpe	-0.07553797807054038	0.025603449324505357	-2.950304746565616	0.0045995016852585615	-0.38739399212063885	0.0	0.15306122448979592	0.7037237578445599
model7	32	Inferior Temporal Gyrus, temporooccipital part R	surprise	0.019903559342218345	0.01737636083047161	1.1454388831126814	0.25681393962401083	0.1504034938003509	0.0		1.0
model7	33	Postcentral Gyrus L	rpe	0.10897482295833424	0.02903757321530198	3.752890165797587	0.00041166544517896007	0.492778620585214	0.26143790849673204	0.0	0.07451144557739177
model7	33	Postcentral Gyrus L	urpe	-0.07153650277160509	0.023832998447464875	-3.001573760401702	0.003981127924519257	-0.3941259434436911	0.0	0.12854030501089325	0.6170748283004849
model7	33	Postcentral Gyrus L	surprise	0.006882883178385425	0.008713326251638473	0.789926025906714	0.43284495456750727	0.10372236868486741	0.0		1.0
model7	34	Postcentral Gyrus R	rpe	0.16830419313463324	0.03037202565513596	5.541421406845569	8.001038770216809e-07	0.7276242779053971	0.6486486486486487	0.0	0.00018722430722307334
model7	34	Postcentral Gyrus R	urpe	-0.09683403614707833	0.026049868466768086	-3.7172562414512713	0.00046117807680644453	-0.48809965709050596	0.0	0.3132678132678133	0.08301205382516001
model7	34	Postcentral Gyrus R	surprise	-0.0002162101328325306	0.009634753031880147	-0.022440651267045385	0.9821748280933229	-0.002946601868924743	0.0		1.0
model7	35	Superior Parietal Lobule L	rpe	0.1899548054013995	0.03108101481154079	6.111602422031174	9.435811938753617e-08	0.8024927130937541	0.7560975609756098	0.0	2.3212097369333896e-05
model7	35	Superior Parietal Lobule L	urpe	-0.06153161277166006	0.023315013454195843	-2.6391412079835894	0.010700093712785104	-0.34653621783342425	0.0	0.3224932249322493	1.0
model7	35	Superior Parietal Lobule L	surprise	0.006128819003254295	0.011642456228121342	0.5264197591270016	0.6006391128288349	0.06912230075784094	0.0		1.0
model7	36	Superior Parietal Lobule R	rpe	0.2520284968309851	0.03476303346927021	7.249899438545055	1.2194674166773489e-09	0.9519584338670567	0.9523809523809523	0.0	3.121836586694013e-07
model7	36	Superior Parietal Lobule R	urpe	-0.07364447155024646	0.028574977477574467	-2.5772363813074692	0.012571414543571007	-0.33840771586578355	0.047619047619047616	0.38095238095238093	1.0
model7	36	Superior Parietal Lobule R	surprise	0.006554356882878736	0.015714482281941614	0.41709022068202084	0.6781791516855362	0.054766629058430646	0.0		1.0
model7	37	Supramarginal Gyrus, anterior division L	rpe	0.13426533476782018	0.026766537041169502	5.016163822810071	5.470537476781162e-06	0.6586545782131799	0.5122950819672131	0.0	0.0011980477074150745
model7	37	Supramarginal Gyrus, anterior division L	urpe	-0.06722507634380355	0.019118548842254578	-3.5162227477865393	0.000866172923949124	-0.46170266615206235	0.0	0.3524590163934426	0.14898174291924934
model7	37	Supramarginal Gyrus, anterior division L	surprise	-0.002083859195350043	0.00971711741108583	-0.2144524046784348	0.8309596485054075	-0.02815898027651495	0.0		1.0
model7	38	Supramarginal Gyrus, anterior division R	rpe	0.07378025896130207	0.026857148414795334	2.7471367332749765	0.008033221261365181	0.36071672502424823	0.2736842105263158	0.0	1.0
model7	38	Supramarginal Gyrus, anterior division R	urpe	-0.0872118134179437	0.021146796215068295	-4.124114713688891	0.00012228936780065317	-0.5415227917587843	0.0	0.39473684210526316	0.023968716088928022
model7	38	Supramarginal Gyrus, anterior division R	surprise	-0.0016292608367049527	0.012039220121223252	-0.13532943332706593	0.892828192721544	-0.017769625151104685	0.0		1.0
model7	39	Supramarginal Gyrus, posterior division L	rpe	0.18408929505608312	0.032023500967167544	5.748568691625026	3.6987557617303985e-07	0.7548240489463647	0.5077519379844961	0.0	8.91400138577026e-05
model7	39	Supramarginal Gyrus, posterior division L	urpe	-0.021933275531343156	0.019590807975324268	-1.119569726729462	0.2675927551500078	-0.14700670715458003	0.0	0.01937984496124031	1.0
model7	39	Supramarginal Gyrus, posterior division L	surprise	0.0043896964980293385	0.010659593268900914	0.41180712878005993	0.6820253079558868	0.05407292510631406	0.0		1.0
model7	40	Supramarginal Gyrus, posterior division R	rpe	0.0849279542764447	0.026949678234702564	3.151353182654502	0.002589898710620662	0.4137929450954964	0.32608695652173914	0.0	0.4143837936993059
model7	40	Supramarginal Gyrus, posterior division R	urpe	-0.013128411419281649	0.017979861062155125	-0.7301731294751191	0.4682748242377437	-0.09587642900139824	0.050724637681159424	0.11594202898550725	1.0
model7	40	Supramarginal Gyrus, posterior division R	surprise	0.0026669692925787043	0.011880588564567342	0.22448124333946476	0.8231856186747651	0.029475831306820473	0.0		1.0
model7	41	Angular Gyrus L	rpe	0.18098065562599153	0.03073962565257306	5.887536096616144	2.1966996880440305e-07	0.7730713631795209	0.6447876447876448	0.0	5.3599472388274344e-05
model7	41	Angular Gyrus L	urpe	-0.05549769465133063	0.022704116528866232	-2.4443890860395436	0.017625855703697565	-0.3209640114090899	0.0	0.2625482625482625	1.0
model7	41	Angular Gyrus L	surprise	0.026158305481338767	0.009829742571303264	2.661138406381542	0.010098884237566655	0.34942459148796695	0.25868725868725867		1.0
model7	42	Angular Gyrus R	rpe	0.043054819180039304	0.03007094633602837	1.43177466711298	0.15766916643492343	0.18800122419752213	0.13031161473087818	0.0	1.0
model7	42	Angular Gyrus R	urpe	0.01911663066797704	0.02456102984971327	0.7783318038758953	0.43959251048202874	0.10219997274821699	0.11898016997167139	0.042492917847025496	1.0
model7	42	Angular Gyrus R	surprise	0.020049615095929882	0.012993709524776307	1.5430247272881872	0.128358865619362	0.20260907275455808	0.0028328611898017		1.0
model7	43	Lateral Occipital Cortex, superior division L	rpe	0.3032992581053671	0.0377913479921525	8.02562687545171	6.23109816897988e-11	1.0538164364786848	0.9738396624472574	0.0	1.676165407455588e-08
model7	43	Lateral Occipital Cortex, superior division L	urpe	-0.09238219309235528	0.022299760662200806	-4.1427437043729185	0.00011490284500859655	-0.543968898073281	0.0	0.4421940928270042	0.02263586046669352
model7	43	Lateral Occipital Cortex, superior division L	surprise	0.015121782594685364	0.011164606592273018	1.3544393588531	0.18094120226816493	0.17784660073581027	0.12236286919831224		1.0
model7	44	Lateral Occipital Cortex, superior division R	rpe	0.2984505106216697	0.03576281524982142	8.345274513117644	1.8404478753491925e-11	1.0957882275526358	0.8999129677980853	0.0	5.024422699703295e-09
model7	44	Lateral Occipital Cortex, superior division R	urpe	-0.05287091158232036	0.0221734172362367	-2.384427759556906	0.020456162782063622	-0.31309070351911755	0.020017406440382943	0.3263707571801567	1.0
model7	44	Lateral Occipital Cortex, superior division R	surprise	0.014389441378056393	0.013253251368776925	1.085729152618066	0.2821693522784959	0.14256322208208755	0.06527415143603134		1.0
model7	45	Lateral Occipital Cortex, inferior division L	rpe	0.24708185274209965	0.027315175320439044	9.045589121927268	1.3008062320970934e-12	1.1877440407149797	1.0	0.0	3.603233262908949e-10
model7	45	Lateral Occipital Cortex, inferior division L	urpe	-0.0996081964130386	0.017912854028672886	-5.560710551964357	7.448438039540671e-07	-0.7301570667438588	0.0	0.6778656126482213	0.00017578313773315983
model7	45	Lateral Occipital Cortex, inferior division L	surprise	0.0002106174550194873	0.010609177726541305	0.01985238257368233	0.9842304620769263	0.002606745539516745	0.0		1.0
model7	46	Lateral Occipital Cortex, inferior division R	rpe	0.2930032989319228	0.03368645941133377	8.697954728757935	4.825264812456767e-12	1.1420974086085602	0.9671772428884027	0.0	1.3317730882380676e-09
model7	46	Lateral Occipital Cortex, inferior division R	urpe	-0.1328103401256002	0.023645575388944032	-5.616710016187567	6.049021654556094e-07	-0.7375101566330641	0.0	0.838074398249453	0.00014396671537843505
model7	46	Lateral Occipital Cortex, inferior division R	surprise	-0.0022347275573101374	0.011428696055642527	-0.19553652896445844	0.8456683295063333	-0.02567520411209486	0.0		1.0
model7	48	Intracalcarine Cortex R	rpe	0.16731564155482462	0.06170463179428113	2.7115572476413616	0.008835625844141133	0.35604490968271457	0.20765027322404372	0.0	1.0
model7	48	Intracalcarine Cortex R	urpe	0.07317714218502741	0.046113956191198575	1.5868762567587766	0.11807316260856618	0.20836706066478416	0.0	0.0	1.0
model7	48	Intracalcarine Cortex R	surprise	0.0011200568842614869	0.023111614570387407	0.048462944068676204	0.96151670959682	0.0063634963115381206	0.0		1.0
model7	49	Frontal Medial Cortex L	rpe	0.2714993712240472	0.036970810397578165	7.343614281223118	8.509904434299424e-10	0.9642637955651232	0.7364341085271318	0.0	2.2125751529178503e-07
model7	49	Frontal Medial Cortex L	urpe	-0.21660523253546485	0.029823751599021158	-7.262843234738248	1.1603526042403628e-09	-0.953658037572848	0.0	0.9302325581395349	2.9821061928977324e-07
model7	49	Frontal Medial Cortex L	surprise	0.011570925362804164	0.016024891521316375	0.7220595126907707	0.4732098160837652	0.09481105892385466	0.0		1.0
model7	50	Frontal Medial Cortex R	rpe	0.24734206327815103	0.028763963698206507	8.599025707071565	7.018582440474485e-12	1.1291073916646208	0.9166666666666666	0.0	1.9301101711304835e-09
model7	50	Frontal Medial Cortex R	urpe	-0.16029061025066174	0.02478204731094092	-6.468013245213027	2.4361861742044704e-08	-0.8492917469183605	0.0	0.7962962962962963	6.066103573769132e-06
model7	50	Frontal Medial Cortex R	surprise	0.010879723983569567	0.011373740330258892	0.9565651815194833	0.342826405041987	0.12560316178313638	0.0		1.0
model7	51	Juxtapositional Lobule Cortex (formerly Supplementary Motor Cortex) L	rpe	0.12492374607277906	0.05523430417852887	2.2617057991533533	0.0275472643210434	0.29697652066497493	0.049019607843137254	0.0	1.0
model7	51	Juxtapositional Lobule Cortex (formerly Supplementary Motor Cortex) L	urpe	-0.08222201998565692	0.03440840051940462	-2.38959145861162	0.020197312088192483	-0.3137687304223532	0.0	0.25980392156862747	1.0
model7	51	Juxtapositional Lobule Cortex (formerly Supplementary Motor Cortex) L	surprise	0.00618320980857611	0.016717862960056288	0.36985647168837005	0.7128601045830294	0.04856453396748285	0.0		1.0
model7	52	Juxtapositional Lobule Cortex (formerly Supplementary Motor Cortex) R	rpe	0.11491080632495942	0.04864324233660377	2.362317987148025	0.02159839287459405	0.3101875481727671	0.12834224598930483	0.0	1.0
model7	52	Juxtapositional Lobule Cortex (formerly Supplementary Motor Cortex) R	urpe	-0.11006201868517823	0.03165579692537771	-3.476836136668039	0.000977916826471323	-0.456530950743659	0.0	0.3689839572192513	0.1662458605001249
model7	52	Juxtapositional Lobule Cortex (formerly Supplementary Motor Cortex) R	surprise	0.009045541359433947	0.014491520209386094	0.6241954763017333	0.5349896088675605	0.08196088140035608	0.0		1.0
model7	53	Subcallosal Cortex L	rpe	0.24714038221292076	0.03152276713497405	7.840059889245005	1.2674972945826607e-10	1.029450297463353	0.5964912280701754	0.0	3.384217776535704e-08
model7	53	Subcallosal Cortex L	urpe	-0.1662594203931711	0.02875192935637735	-5.782548305972856	3.257081508421005e-07	-0.7592857908963273	0.0	0.631578947368421	7.914708065463041e-05
model7	53	Subcallosal Cortex L	surprise	-0.0072357807225811735	0.014316344675627653	-0.505420963697491	0.6152120764631046	-0.06636502383564089	0.0		1.0
model7	54	Subcallosal Cortex R	rpe	0.2823390097744324	0.03515477396858871	8.031313471868891	6.097105084253945e-11	1.054563123169338	0.7213114754098361	0.0	1.6462183727485653e-08
model7	54	Subcallosal Cortex R	urpe	-0.1807070159575315	0.0287352352328528	-6.288691026650458	4.8212291746115263e-08	-0.825745586066418	0.0	0.7295081967213115	1.190843606129047e-05
model7	54	Subcallosal Cortex R	surprise	-0.01256901796759455	0.01293473607286742	-0.97172589350006	0.33529258335658185	-0.12759386079291954	0.0		1.0
model7	55	Paracingulate Gyrus L	rpe	0.2118327676553498	0.03671837098637845	5.769122157786742	3.4249825732590533e-07	0.7575228512709627	0.5198019801980198	0.0	8.288457827286908e-05
model7	55	Paracingulate Gyrus L	urpe	-0.0460067358322252	0.023998388434431445	-1.9170760552495056	0.06024538859562778	-0.251724418335601	0.10643564356435643	0.3316831683168317	1.0
model7	55	Paracingulate Gyrus L	surprise	0.012081590587668369	0.014108356931736146	0.8563428502784294	0.39539397424899403	0.11244332497498803	0.0		1.0
model7	56	Paracingulate Gyrus R	rpe	0.10337613986374228	0.03206844793355756	3.2236090776181845	0.002095904967630463	0.42328060891626434	0.32448377581120946	0.0	0.339536604756135
model7	56	Paracingulate Gyrus R	urpe	0.016283393515599355	0.019063195518642245	0.8541796415860882	0.39658121369370836	0.11215928175806555	0.21238938053097345	0.22713864306784662	1.0
model7	56	Paracingulate Gyrus R	surprise	0.0033207125681423777	0.010765082667256596	0.30847069834797997	0.7588487625197897	0.040504187041820766	0.0		1.0
model7	57	Cingulate Gyrus, anterior division L	rpe	0.23466620696612225	0.04348813656836898	5.3960970849416965	1.3690973476704215e-06	0.7085422595884415	0.608955223880597	0.0	0.0003135232926165265
model7	57	Cingulate Gyrus, anterior division L	urpe	-0.13690351264466102	0.031603910242203395	-4.331853609109485	6.0624882085916104e-05	-0.5688002450826815	0.0	0.46567164179104475	0.012124976417183221
model7	57	Cingulate Gyrus, anterior division L	surprise	-0.005528325832697332	0.016944536480368297	-0.3262600802979988	0.7454224822340203	-0.04284004732845687	0.0		1.0
model7	58	Cingulate Gyrus, anterior division R	rpe	0.1678095923969541	0.03233900097577971	5.1890778111121945	2.9230849815426975e-06	0.6813592972086795	0.5572755417956656	0.0	0.0006518479508840216
model7	58	Cingulate Gyrus, anterior division R	urpe	-0.09025398954108403	0.02301819398196702	-3.920984835378096	0.00023920467532302425	-0.5148505320305642	0.009287925696594427	0.3591331269349845	0.04520968363605158
model7	58	Cingulate Gyrus, anterior division R	surprise	0.0041219018550202645	0.012736143662334101	0.32363814073567543	0.7473964872360169	0.0424957697973544	0.0		1.0
model7	59	Cingulate Gyrus, posterior division L	rpe	0.33293386597310015	0.0449489949549098	7.406925701165951	6.673807708041815e-10	0.9725769922771005	0.8913043478260869	0.0	1.7418638117989138e-07
model7	59	Cingulate Gyrus, posterior division L	urpe	-0.1570515929100806	0.03087409162728721	-5.0868409281805365	4.237611837323192e-06	-0.6679349368042264	0.0	0.5217391304347826	0.0009365122160484254
model7	59	Cingulate Gyrus, posterior division L	surprise	0.0072966651770046045	0.01811157851056386	0.4028729562555086	0.6885487870771019	0.05289981078156188	0.012422360248447204		1.0
model7	60	Cingulate Gyrus, posterior division R	rpe	0.25710160825767703	0.03859494307073879	6.661536144423066	1.1634856028659418e-08	0.8747025484903024	0.7344262295081967	0.0	2.921818585451105e-06
model7	60	Cingulate Gyrus, posterior division R	urpe	-0.1341021319536878	0.02687129499403036	-4.990534768922729	5.99963723544284e-06	-0.6552893185696634	0.0	0.4163934426229508	0.0013079209173265391
model7	60	Cingulate Gyrus, posterior division R	surprise	0.004762199608853145	0.01637897581453142	0.29075075650506327	0.7722972512435321	0.03817744468794563	0.0		1.0
model7	61	Precuneous Cortex L	rpe	0.2525000768301209	0.05087688925244099	4.962962172810247	6.624996550217304e-06	0.6516688593294515	0.6453407510431154	0.0	0.001437624251397155
model7	61	Precuneous Cortex L	urpe	-0.11816441679623348	0.026319498553338434	-4.489615049343149	3.524047754569211e-05	-0.5895153370425762	0.0	0.3991655076495132	0.007189057419321191
model7	61	Precuneous Cortex L	surprise	0.048958311972099315	0.01612827219124242	3.0355583903577386	0.003614907355364423	0.3985883439752758	0.21279554937413073		0.5711553621475788
model7	62	Precuneous Cortex R	rpe	0.2219113100786193	0.046011384185429986	4.822965316242104	1.0928951463228633e-05	0.6332863714819145	0.5624142661179699	0.0	0.0023060087587412417
model7	62	Precuneous Cortex R	urpe	-0.0719376850261629	0.023841813725888172	-3.017290792271007	0.003807660056563654	-0.3961896908335921	0.0	0.2825788751714678	0.5978026288804936
model7	62	Precuneous Cortex R	surprise	0.021218467897269135	0.016089052553334433	1.3188140089002092	0.192505473260821	0.17316876311411689	0.03566529492455418		1.0
model7	65	Frontal Orbital Cortex L	rpe	0.11839421624443264	0.02450746332938284	4.830945359509555	1.062292919756437e-05	0.6343342024974297	0.46265060240963857	0.0	0.002255323318203283
model7	65	Frontal Orbital Cortex L	urpe	-0.043344095462561336	0.021306983233901497	-2.0342671220389676	0.046587172574892206	-0.2671123592787507	0.06987951807228916	0.28433734939759037	1.0
model7	65	Frontal Orbital Cortex L	surprise	0.01272012533094562	0.009605340652511334	1.3242763365836399	0.19069700723573005	0.17388600187733907	0.0		1.0
model7	66	Frontal Orbital Cortex R	rpe	0.09061728131012992	0.030138595941845342	3.0066855630893583	0.003923917066650806	0.39479715602008997	0.3116883116883117	0.015584415584415584	0.6121310623975258
model7	66	Frontal Orbital Cortex R	urpe	0.023552169555985037	0.024221019038854073	0.9723855762717455	0.3349672701726657	0.12768048138448856	0.17142857142857143	0.02857142857142857	1.0
model7	66	Frontal Orbital Cortex R	surprise	-0.00028592569660958666	0.009897920111870006	-0.028887452452429116	0.9770552598059989	-0.0037931083359333114	0.0		1.0
model7	67	Parahippocampal Gyrus, anterior division L	rpe	0.1045098397259633	0.022453189254452544	4.654565484733472	1.9821941393576454e-05	0.6111743903123377	0.36129032258064514	0.0	0.00408331992707675
model7	67	Parahippocampal Gyrus, anterior division L	urpe	-0.05570532799760691	0.018960299826895302	-2.9379982651217658	0.004760674407373867	-0.38577807194119246	0.0	0.17419354838709677	0.7236225099208278
model7	67	Parahippocampal Gyrus, anterior division L	surprise	0.005819269358002136	0.014389012216284856	0.40442451994141343	0.6874141544253292	0.053103541074512726	0.0		1.0
model7	68	Parahippocampal Gyrus, anterior division R	rpe	0.11364890209365476	0.02241883292935672	5.06934961564548	4.514552753631521e-06	0.6656382149492137	0.3717948717948718	0.0	0.0009932016057989344
model7	68	Parahippocampal Gyrus, anterior division R	urpe	-0.05637383425272548	0.019008096823342365	-2.9657800450330805	0.004404026284302783	-0.38942599835984115	0.0	0.10897435897435898	0.6782200477826286
model7	68	Parahippocampal Gyrus, anterior division R	surprise	0.0074401877719736075	0.01495934926708489	0.4973603890875306	0.6208481376530226	0.06530661853680733	0.0		1.0
model7	69	Parahippocampal Gyrus, posterior division L	rpe	0.13832409085792793	0.034700590031355845	3.9862172583502677	0.00019317160940970416	0.5234159687978368	0.3617021276595745	0.0	0.03689577739725349
model7	69	Parahippocampal Gyrus, posterior division L	urpe	-0.11008897652556653	0.02351207499841824	-4.682231429296337	1.798447969642576e-05	-0.6148071068045823	0.0	0.4148936170212766	0.0037407717768565578
model7	69	Parahippocampal Gyrus, posterior division L	surprise	-0.005704844156945273	0.013186019342798885	-0.43264339363045057	0.6669064382777061	-0.05680886071793927	0.0		1.0
model7	70	Parahippocampal Gyrus, posterior division R	rpe	0.1449901983067222	0.034881531763626114	4.1566465397576255	0.00010967355802429686	0.5457944297942827	0.5862068965517241	0.0	0.021715364488810777
model7	70	Parahippocampal Gyrus, posterior division R	urpe	-0.0916693770331082	0.02366129298904455	-3.8742336302395715	0.0002785141500467078	-0.5087117980519315	0.0	0.3218390804597701	0.05180363190868765
model7	70	Parahippocampal Gyrus, posterior division R	surprise	0.002673684294926608	0.011440571351090162	0.23370199030067101	0.8160536594816615	0.03068657469859859	0.0		1.0
model7	71	Lingual Gyrus L	rpe	0.203242945777621	0.05049730212303184	4.024827807284416	0.00017008369193847198	0.5284857822491357	0.39069767441860465	0.0	0.03282615254412509
model7	71	Lingual Gyrus L	urpe	-0.013425695775630277	0.029419848355480296	-0.4563482317586233	0.6498737271742271	-0.05992145845406678	0.0	0.046511627906976744	1.0
model7	71	Lingual Gyrus L	surprise	-0.008194500026439101	0.017551190818575	-0.46689139848941713	0.6423573542591423	-0.06130584406853262	0.0		1.0
model7	72	Lingual Gyrus R	rpe	0.17501721006908386	0.04971360693811627	3.5205091895051206	0.0008547727606031834	0.4622655035237903	0.3931034482758621	0.0	0.1487304603449539
model7	72	Lingual Gyrus R	urpe	-0.02997147456690779	0.031065320686133577	-0.9647888354259273	0.338726136963058	-0.12668298044266446	0.0	0.03218390804597701	1.0
model7	72	Lingual Gyrus R	surprise	0.0002790164405910209	0.01792554800851913	0.015565294877368217	0.9876355481583663	0.0020438233467569337	0.0		1.0
model7	75	Temporal Fusiform Cortex, posterior division L	rpe	0.10787716091465085	0.020615710910048258	5.232764535035787	2.4924895647571667e-06	0.6870956450904138	0.5426008968609866	0.0	0.0005583176625056053
model7	75	Temporal Fusiform Cortex, posterior division L	urpe	-0.06740003719707008	0.014111569872431909	-4.7762253106042785	1.290258666043265e-05	-0.6271491080697682	0.0	0.40358744394618834	0.0027095431986908568
model7	75	Temporal Fusiform Cortex, posterior division L	surprise	0.01128920292525037	0.009874157302613791	1.1433079886485098	0.2576899482403782	0.15012369364946	0.0		1.0
model7	76	Temporal Fusiform Cortex, posterior division R	rpe	0.09890207334484975	0.017968602324583582	5.50416062186082	9.185662785884019e-07	0.7227316971434965	0.5146198830409356	0.0	0.00021402594291109763
model7	76	Temporal Fusiform Cortex, posterior division R	urpe	-0.05479955199731056	0.01556666445679743	-3.520314332553206	0.0008552878867400047	-0.46223991755251653	0.0	0.23391812865497075	0.1487304603449539
model7	76	Temporal Fusiform Cortex, posterior division R	surprise	0.0075841713405857625	0.009395709688322772	0.8071951552538457	0.4229096226409309	0.10598991645803242	0.0		1.0
model7	77	Temporal Occipital Fusiform Cortex L	rpe	0.16063397001933322	0.034123418829017205	4.707440682430578	1.6455853983860062e-05	0.6181172439086973	0.7012195121951219	0.0	0.003439273482626753
model7	77	Temporal Occipital Fusiform Cortex L	urpe	-0.07013253251074911	0.02148031775315303	-3.264967181430757	0.001854559028837001	-0.42871119399773533	0.0	0.12804878048780488	0.30785679878694217
model7	77	Temporal Occipital Fusiform Cortex L	surprise	-0.012356456986935592	0.010724779449242487	-1.1521408944039735	0.2540725893653083	-0.15128351099599602	0.0		1.0
model7	78	Temporal Occipital Fusiform Cortex R	rpe	0.2014322488834257	0.03559951717465173	5.658285978857418	5.181397778319053e-07	0.7429693479839511	0.7937219730941704	0.0	0.00012383540690182537
model7	78	Temporal Occipital Fusiform Cortex R	urpe	-0.09380407519179813	0.02485010680482229	-3.77479565494644	0.00038380156652950595	-0.4956549522253971	0.0	0.18834080717488788	0.06985188510837008
model7	78	Temporal Occipital Fusiform Cortex R	surprise	0.013809130975423956	0.012323960832081114	1.1205107808746617	0.2671951353314559	0.14713027361751407	0.0		1.0
model7	79	Occipital Fusiform Gyrus L	rpe	0.2984985666510111	0.04004711230619003	7.453685158839095	5.577313235405728e-10	0.9787168098666161	0.9234042553191489	0.0	1.4668333809117066e-07
model7	79	Occipital Fusiform Gyrus L	urpe	-0.06263509655517692	0.027772511716713848	-2.255291029996481	0.027971657333691377	-0.2961342202093675	0.0	0.11063829787234042	1.0
model7	79	Occipital Fusiform Gyrus L	surprise	-0.013798163467828587	0.013352180184253505	-1.033401532740027	0.3057807656224512	-0.13569226897586273	0.0		1.0
model7	80	Occipital Fusiform Gyrus R	rpe	0.3481432135327754	0.04538890496772111	7.67022720156747	2.4300403758934164e-10	1.0071501730614367	0.9621848739495799	0.0	6.439606996117554e-08
model7	80	Occipital Fusiform Gyrus R	urpe	-0.1066964105990133	0.03042793320572005	-3.5065283559566827	0.0008924919375627219	-0.46042973014213956	0.0	0.3907563025210084	0.15261612132322544
model7	80	Occipital Fusiform Gyrus R	surprise	-0.008369216007032417	0.01629129651202475	-0.5137231405035826	0.6094313523818722	-0.06745515305701949	0.0		1.0
model7	82	Frontal Opercular Cortex R	rpe	-0.14685697164210296	0.038114543349746795	-3.8530429262791777	0.0002983128848003938	-0.5059293223051057	0.0	0.47058823529411764	0.055187883688072856
model7	82	Frontal Opercular Cortex R	urpe	0.10899672003687211	0.030585350575699277	3.5636903937753894	0.0007476209517947941	0.4679354734231065	0.43529411764705883	0.0	0.13083366656408896
model7	82	Frontal Opercular Cortex R	surprise	-0.001961150136008825	0.016512091866639548	-0.11877054414716914	0.9058747367063688	-0.015595336480772978	0.0		1.0
model7	84	Central Opercular Cortex R	rpe	0.07688395310383946	0.04207724319939238	1.8272098468882036	0.07290496905760054	0.2399244070810498	0.021551724137931036	0.0	1.0
model7	84	Central Opercular Cortex R	urpe	-0.13672814819916834	0.03278283587070273	-4.170723629231819	0.00010461376671373555	-0.5476428421981862	0.0	0.5387931034482759	0.020818139576033373
model7	84	Central Opercular Cortex R	surprise	0.01191410525512533	0.014190047295644588	0.8396099749986159	0.4046349184878325	0.1102461908105091	0.0		1.0
model7	85	Parietal Opercular Cortex L	rpe	0.016486765188741155	0.031484277074690196	0.5236507463591932	0.6025515959887731	0.06875871156875699	0.0	0.0	1.0
model7	85	Parietal Opercular Cortex L	urpe	-0.09008862573131757	0.026290866545811867	-3.4266130245017985	0.001140351935104034	-0.4499363330379963	0.0	0.39568345323741005	0.19271947703258177
model7	85	Parietal Opercular Cortex L	surprise	-0.01184082401292574	0.012266309823577837	-0.9653126476689636	0.33846606599373874	-0.12675176035978578	0.0		1.0
model7	86	Parietal Opercular Cortex R	rpe	0.03345334479132821	0.0435053941147587	0.7689470575323335	0.44509932116848694	0.10096769518255058	0.0	0.0	1.0
model7	86	Parietal Opercular Cortex R	urpe	-0.1822034778108834	0.034367059595207326	-5.301689465347586	1.936884149890477e-06	-0.6961459318247613	0.0	0.8780487804878049	0.00043773581787524775
model7	86	Parietal Opercular Cortex R	surprise	0.001705006603372572	0.014780961100798972	0.11535153849233858	0.9085719015773549	0.015146399044309958	0.0		1.0
model7	88	Planum Polare R	rpe	0.05521654679311771	0.03244741467985088	1.7017240768771003	0.0942562382489942	0.22344731824623631	0.039603960396039604	0.0	1.0
model7	88	Planum Polare R	urpe	-0.12575408075682734	0.027869065728573415	-4.512317778485663	3.257292413963864e-05	-0.5924963514224603	0.0	0.594059405940594	0.006677449448625921
model7	88	Planum Polare R	surprise	0.003608778020906506	0.013717111838955142	0.26308584950499264	0.7934330771684329	0.034544864434370395	0.0		1.0
model7	90	Heschl's Gyrus (includes H1 and H2) R	rpe	0.04503827459982064	0.03803742326983953	1.1840516714372762	0.24130680112221564	0.15547360129802096	0.013888888888888888	0.0	1.0
model7	90	Heschl's Gyrus (includes H1 and H2) R	urpe	-0.11511089270039886	0.03216920189664036	-3.5782949502524226	0.0007143714370217935	-0.469853145637604	0.0	0.3055555555555556	0.12572937291583566
model7	90	Heschl's Gyrus (includes H1 and H2) R	surprise	0.00877556044368377	0.015107584322912477	0.5808711873528697	0.5636170344596274	0.0762721235622969	0.0		1.0
model7	91	Planum Temporale L	rpe	0.07466703183417071	0.030520712734746137	2.446438013525367	0.017535688921156	0.3212330487684416	0.15671641791044777	0.0	1.0
model7	91	Planum Temporale L	urpe	-0.07563677090430057	0.023256830955306482	-3.25223892497024	0.0019258930935325098	-0.4270398920453812	0.0	0.17164179104477612	0.3158464673393316
model7	91	Planum Temporale L	surprise	-0.008858424177909855	0.009991313595311841	-0.8866125653454052	0.37901308530373845	-0.11641793328411283	0.0		1.0
model7	92	Planum Temporale R	rpe	0.10461089284926585	0.0382689925714015	2.733567983376751	0.0083309846358903	0.3589350608767465	0.27358490566037735	0.0	1.0
model7	92	Planum Temporale R	urpe	-0.1271070381596403	0.028737820918379932	-4.422988037981198	4.4357431333684646e-05	-0.5807667818485343	0.0	0.6509433962264151	0.008960201129404299
model7	92	Planum Temporale R	surprise	0.004968304070460302	0.013194076641075716	0.3765556473268474	0.7079019726425317	0.04944417882367205	0.0		1.0
model7	95	Occipital Pole L	rpe	0.2533170467533066	0.034639326088267614	7.312990042237151	9.571560492273174e-10	0.960242635984832	0.722495894909688	0.0	2.469462607006479e-07
model7	95	Occipital Pole L	urpe	-0.07187599118089034	0.022032299710939198	-3.262300900218935	0.0018692924457157712	-0.4283610941228101	0.0	0.24466338259441708	0.30843325354310225
model7	95	Occipital Pole L	surprise	-0.009778080432494824	0.012797504744613882	-0.7640614813297998	0.4479820046933348	-0.10032618759893151	0.0		1.0
model7	96	Occipital Pole R	rpe	0.30883918181325776	0.04307616291366774	7.169607525912328	1.6596886591703495e-09	0.9414155892317687	0.7531531531531531	0.0	4.232206080884391e-07
model7	96	Occipital Pole R	urpe	-0.09142771567509564	0.02904345253981987	-3.1479630581021367	0.0026155693120868185	-0.4133477999335752	0.0	0.24504504504504504	0.41587552062180416
model7	96	Occipital Pole R	surprise	-0.005486003162737232	0.015522513079476238	-0.3534223572335583	0.7250756559365451	-0.046406629021213106	0.0		1.0
model7	97	Thalamus L	rpe	0.17445883958903277	0.03886926960920282	4.488348799528955	3.5395368979187166e-05	0.5893490702963651	0.3953488372093023	0.0	0.007189057419321191
model7	97	Thalamus L	urpe	-0.04197369924794961	0.019917392589256417	-2.1073892609111153	0.03949479162802488	-0.2767137664971257	0.0	0.03488372093023256	1.0
model7	97	Thalamus L	surprise	-0.026969409305897085	0.010812483642829497	-2.4942844028053033	0.01554478202937019	-0.3275155874700077	0.0		1.0
model7	98	Caudate L	rpe	0.23353497235623694	0.034094513197338534	6.84963504258119	5.662953694283238e-09	0.8994011438322901	0.808	0.0	1.4327272846536593e-06
model7	98	Caudate L	urpe	-0.04158725471629392	0.021089675772176106	-1.971924801762981	0.05347785484654896	-0.2589264115871126	0.0	0.04	1.0
model7	98	Caudate L	surprise	-0.024119823634052948	0.012070666725866883	-1.9982180091481834	0.05047172393155745	-0.26237887885730443	0.0		1.0
model7	99	Putamen L	rpe	0.3053830289577273	0.032392991616894205	9.427441360447183	3.118402724547755e-13	1.2378836960345294	1.0	0.0	8.700343601488237e-11
model7	99	Putamen L	urpe	-0.05012519582077829	0.018654451250689732	-2.687036737085737	0.00943070794305369	-0.3528252089097563	0.0	0.08173076923076923	1.0
model7	99	Putamen L	surprise	-0.017661687912265887	0.009207495781319816	-1.918185827258042	0.06010154945785345	-0.2518701385393295	0.0		1.0
model7	100	Pallidum L	rpe	0.09656297394798864	0.02198783947901402	4.391653579250103	4.9402635606326264e-05	0.5766523658469639	0.4603174603174603	0.0	0.00992992975687158
model7	100	Pallidum L	urpe	-0.03119177952831055	0.014821161648166095	-2.104543508043452	0.03975214178978824	-0.2763401008392725	0.0	0.0	1.0
model7	100	Pallidum L	surprise	-0.013139010393851808	0.006709091959016054	-1.9583887766204886	0.05508442126169514	-0.25714904441055236	0.0		1.0
model7	102	Hippocampus L	rpe	0.1854329853986869	0.02797171067748698	6.629304426058309	1.3160681262912216e-08	0.8704703165268869	0.788235294117647	0.0	3.290170315728054e-06
model7	102	Hippocampus L	urpe	-0.11803503257660979	0.01974985860726502	-5.976500132167547	1.5716418319697864e-07	-0.7847529133405811	0.0	0.6235294117647059	3.8505224883259765e-05
model7	102	Hippocampus L	surprise	0.00648261935405038	0.011338835334522157	0.57171827289117	0.5697606425617504	0.07507028701406096	0.0		1.0
model7	103	Amygdala L	rpe	0.28269647063171266	0.03560184359966414	7.940500885588396	8.628993034082919e-11	1.04263884640608	0.9753086419753086	0.0	2.3125701331342225e-08
model7	103	Amygdala L	urpe	-0.13345749161877224	0.02520925114748591	-5.293988736039142	1.9923294462905974e-06	-0.6951347765288511	0.0	0.7654320987654321	0.00044827412541538443
model7	103	Amygdala L	surprise	0.005081766673560128	0.010626902533200361	0.47819829509904427	0.6343380994043539	0.06279051232905646	0.0		1.0
model7	105	Thalamus R	rpe	0.13642491763169046	0.03443774005564989	3.96149449444806	0.00020951207427421625	0.5201697108594048	0.37694704049844235	0.0	0.039807294112101085
model7	105	Thalamus R	urpe	-0.016787360736204075	0.019674333442202933	-0.8532619814297706	0.3970855219966236	-0.11203878707636201	0.0	0.0	1.0
model7	105	Thalamus R	surprise	-0.020660785320125528	0.009386052770878122	-2.2012219432890086	0.0317846918190759	-0.28903460130582626	0.0		1.0
model7	106	Caudate R	rpe	0.24627068078071893	0.03307143458752566	7.446628301803717	5.730445364472536e-10	0.9777901991420996	0.8253968253968254	0.0	1.5013766854918043e-07
model7	106	Caudate R	urpe	-0.017363496068778392	0.019214925822177695	-0.9036462711054342	0.36998629635110003	-0.11865456842584433	0.0	0.007936507936507936	1.0
model7	106	Caudate R	surprise	-0.0043288112304004055	0.009914965356791958	-0.4365936818362233	0.6640554485357242	-0.057327558971007136	0.0		1.0
model7	107	Putamen R	rpe	0.31945884156594573	0.034457946711923815	9.270977294053342	5.589931211953664e-13	1.2173389576056275	1.0	0.0	1.5540008769231187e-10
model7	107	Putamen R	urpe	-0.07910996647321021	0.02025903084481658	-3.9049235414660055	0.000252065452322181	-0.5127415808198561	0.0	0.3113207547169811	0.04713623958424785
model7	107	Putamen R	surprise	-0.018631809987625977	0.00939726531657455	-1.9826842554677986	0.05222964425300002	-0.2603391970726115	0.0		1.0
model7	108	Pallidum R	rpe	0.10626108219397232	0.021991752452207386	4.831860599781647	1.0588372385930905e-05	0.6344543794327677	0.6086956521739131	0.0	0.002255323318203283
model7	108	Pallidum R	urpe	-0.03328424884864745	0.012324431021926081	-2.700672249244796	0.009095409720999304	-0.3546156393715777	0.0	0.11594202898550725	1.0
model7	108	Pallidum R	surprise	-0.013775403111352608	0.00565320745604159	-2.4367411276638737	0.017966113392544517	-0.3199597852761211	0.0		1.0
model7	109	Hippocampus R	rpe	0.20032693698380802	0.02682960652052199	7.4666371581177575	5.306833112031629e-10	0.9804174906902992	0.9318181818181818	0.0	1.40100394157635e-07
model7	109	Hippocampus R	urpe	-0.11316005600516099	0.021225499823892	-5.331325855412128	1.7373371931662842e-06	-0.7000373804869755	0.0	0.625	0.0003961128800419128
model7	109	Hippocampus R	surprise	0.0004146427540943516	0.011076116105558751	0.03743575366515484	0.9702683691926162	0.004915555275186766	0.0		1.0
model7	110	Amygdala R	rpe	0.2699590799745756	0.034799401946618465	7.757578144264865	1.7385383086578138e-10	1.0186199137539655	0.9805825242718447	0.0	4.6245119010297846e-08
model7	110	Amygdala R	urpe	-0.1419828397608734	0.02556110222070031	-5.5546446524473625	7.61802162838319e-07	-0.7293605751161965	0.0	0.7864077669902912	0.00017902350826700495
model7	110	Amygdala R	surprise	0.0046161980086755405	0.012975708131526542	0.35575692377510826	0.7233358917803931	0.04671317262605769	0.0		1.0
