trialNumber,runNumber,visualSet,audioPair_1,audioPair_2,audioPair_3,tactilePair_1,tactilePair_2,tactilePair_3,visual,audio,tactile,combinationConditionalProbability,correctResponse,chosenKey,accurate,reward,runStartTime,trialStartTime,stimulusOnsetTime,stimulusOffsetTime,responsePressTime,responseTime,responseTimeOver,feedbackOnsetTime,responseTimeThreshold,totalAccuracy,totalErrorRate,accurateIndex,inaccurateIndex,feedbackAccuracy,feedbackOffsetTime
1,1,0,1,2,0,0,2,1,2,1,NaN,0.35,4$,4$,1,0,27395.4792709,0.00270069999896805,2.2075770762458,3.71536230000129,4.52078640000036,2.31320932375456,5.21546300000045,6.24258346308852,3,1,0,1,1,0,7.24258346308852
2,1,0,1,2,0,0,2,1,1,2,NaN,0.5,2@,4$,0,0,27395.4792709,7.25612249999904,11.4497872554493,12.9533900999995,13.2913345000015,1.8415472445522,14.4534838,15.3984944355943,3,0.5,0.5,2,1,1,16.3984944355943
3,1,0,1,2,0,0,2,1,2,0,NaN,0.5,2@,2@,1,1,27395.4792709,16.4145425999995,19.874513135579,21.377304900001,21.6904666000009,1.81595346442191,22.8774389999999,23.9684477573428,3,0.666666666666667,0.333333333333333,2,2,1,24.9684477573428
4,1,0,1,2,0,0,2,1,0,1,NaN,0.5,2@,2@,1,1,27395.4792709,24.9723598000019,28.4336039878581,29.9364243000018,30.2934729000008,1.8598689121427,31.4365060000018,32.4160738203464,3,0.75,0.25,3,2,1,33.4160738203464
5,1,0,1,2,0,0,2,1,2,0,NaN,0.5,2@,2@,1,1,27395.4792709,33.430378699999,36.071813325947,37.6344978000016,37.4984206000008,1.42660727405382,39.1347461000005,39.9488725867741,3,0.8,0.2,4,2,1,40.9488725867741
6,1,0,1,2,0,0,2,1,1,2,NaN,0.5,2@,4$,0,0,27395.4792709,40.9538503000003,44.4735408320303,45.9767171999993,46.2854036999997,1.81186286796947,47.4769521000017,48.7433302352511,3,0.666666666666667,0.333333333333333,5,2,1,49.7433302352511
7,1,0,1,2,0,0,2,1,0,1,NaN,0.5,2@,4$,0,0,27395.4792709,49.7468966000015,52.620980436408,54.1234363000003,54.3582234000023,1.73724296359433,55.6234757999991,56.1993161833743,3,0.571428571428571,0.428571428571429,5,3,1,57.1993161833743
8,1,0,1,2,0,0,2,1,1,2,NaN,0.5,2@,2@,1,1,27395.4792709,57.2034177999994,60.1618571999825,61.6644276000006,62.0102593000011,1.84840210001857,63.1644670999995,63.8007986193261,3,0.625,0.375,5,4,1,64.8007986193261
9,1,0,1,2,0,0,2,1,2,0,NaN,0.5,2@,2@,1,0,27395.4792709,64.8094476000006,67.114048802614,68.6530711000014,68.5174011000017,1.40335229738776,70.1531109999996,71.4522449229371,3,0.666666666666667,0.333333333333333,6,4,0,72.4522449229371
10,1,0,1,2,0,0,2,1,0,1,NaN,0.5,2@,2@,1,1,27395.4792709,72.4665812000021,74.6917093228803,76.1943353000024,76.4143560000011,1.72264667712079,77.6943744000018,78.4989644443449,3,0.7,0.3,7,4,1,79.4989644443449
11,1,0,1,2,0,0,2,1,1,0,NaN,0.35,4$,4$,1,0,27395.4792709,79.5063708000016,82.850498611886,84.3527169000008,84.7974280000017,1.94692938811568,85.8527558000023,86.5467098606096,3,0.727272727272727,0.272727272727273,8,4,0,87.5467098606096
12,1,0,1,2,0,0,2,1,0,2,NaN,0.35,4$,2@,0,1,27395.4792709,87.5638600999991,90.7218152894457,92.2243773000009,92.483860700002,1.76204541055631,93.7244152999992,94.944295922749,3,0.666666666666667,0.333333333333333,9,4,0,95.944295922749
13,1,0,1,2,0,0,2,1,1,1,NaN,0.15,4$,4$,1,1,27395.4792709,95.9549761000017,99.828782259352,101.331316399999,101.6052341,1.7764518406475,102.831356300001,103.88171070371,3,0.692307692307692,0.307692307692308,9,5,1,104.88171070371
14,1,0,1,2,0,0,2,1,0,0,NaN,0.15,4$,2@,0,0,27395.4792709,104.896594400001,107.568732587984,109.1436841,109.0044604,1.4357278120151,110.643724500002,111.197496366098,3,0.642857142857143,0.357142857142857,10,5,1,112.197496366098
15,1,0,1,2,0,0,2,1,2,2,NaN,0.15,4$,4$,1,1,27395.4792709,112.203372300002,114.469207160171,115.973082799999,115.8344287,1.36522153982878,117.4731197,118.411607427934,3,0.666666666666667,0.333333333333333,10,6,1,119.411607427934
16,1,0,1,2,0,0,2,1,1,0,NaN,0.35,4$,4$,1,1,27395.4792709,119.426818300002,122.587570293141,124.2251402,124.087335200002,1.49976490686095,125.725216999999,126.380147302854,3,0.6875,0.3125,11,6,1,127.380147302854
17,1,0,1,2,0,0,2,1,0,2,NaN,0.35,4$,2@,0,0,27395.4792709,127.384053599999,129.674011621282,131.1764239,131.638565199999,1.96455357871673,132.676464200002,133.519659212969,3,0.647058823529412,0.352941176470588,12,6,1,134.519659212969
18,1,0,1,2,0,0,2,1,2,1,NaN,0.35,4$,2@,0,0,27395.4792709,134.524066000002,138.730352666978,140.169542600001,140.0282439,1.2978912330218,141.6695827,142.277858433583,3,0.611111111111111,0.388888888888889,12,7,1,143.277858433583
19,1,0,1,2,0,0,2,1,1,0,NaN,0.35,4$,4$,1,1,27395.4792709,143.282267400002,145.44900744261,146.9512392,147.4014943,1.95248685738989,148.451279200002,149.183905852649,3,0.631578947368421,0.368421052631579,12,8,1,150.183905852649
20,1,0,1,2,0,0,2,1,0,1,NaN,0.5,2@,4$,0,0,27395.4792709,150.1885224,152.398598087013,153.901017600001,154.2908866,1.89228851298685,155.401056900002,156.332602241735,3,0.6,0.4,13,8,1,157.332602241735
21,1,0,1,2,0,0,2,1,2,0,NaN,0.5,2@,2@,1,1,27395.4792709,157.345172699999,159.826947583915,161.237843499999,161.099552,1.2726044160845,162.7378837,163.497587304097,3,0.619047619047619,0.380952380952381,13,9,1,164.497587304097
22,1,0,1,2,0,0,2,1,0,2,NaN,0.35,4$,4$,1,1,27395.4792709,164.501835400002,168.47383192732,170.035290899999,169.8945981,1.42076617267958,171.5353316,172.811307296703,3,0.636363636363636,0.363636363636364,14,9,1,173.811307296703
23,1,0,1,2,0,0,2,1,2,1,NaN,0.35,4$,4$,1,1,27395.4792709,173.8273223,177.768982710058,179.2712268,179.366411499999,1.59742878994075,180.7712655,181.338545443687,3,0.652173913043478,0.347826086956522,15,9,1,182.338545443687
24,1,0,1,2,0,0,2,1,0,2,NaN,0.35,4$,4$,1,0,27395.4792709,182.3516882,184.896152566715,186.4112694,186.269589800002,1.3734372332874,187.9113081,188.623443074601,3,0.666666666666667,0.333333333333333,16,9,0,189.623443074601
25,1,0,1,2,0,0,2,1,1,1,NaN,0.15,4$,4$,1,1,27395.4792709,189.627307900002,192.414808242247,193.917414700001,193.929613700002,1.51480545775485,195.417453599999,196.767364641139,3,0.68,0.32,17,9,1,197.767364641139
26,1,0,1,2,0,0,2,1,2,0,NaN,0.5,2@,2@,1,0,27395.4792709,197.7828692,201.48026637717,202.939698599999,202.801571,1.32130462283021,204.439739000001,205.933140887515,3,0.692307692307692,0.307692307692308,18,9,0,206.933140887515
27,1,0,1,2,0,0,2,1,1,2,NaN,0.5,2@,2@,1,1,27395.4792709,206.941364900002,209.710721380259,211.213281100001,211.465619400002,1.75489801974254,212.713319999999,213.51634699589,3,0.703703703703704,0.296296296296296,19,9,1,214.51634699589
28,1,0,1,2,0,0,2,1,0,1,NaN,0.5,2@,2@,1,1,27395.4792709,214.531622000002,219.50826067396,220.974572300001,220.835514400002,1.32725372604182,222.474611500002,223.381227402147,3,0.714285714285714,0.285714285714286,20,9,1,224.381227402147
29,1,0,1,2,0,0,2,1,1,0,NaN,0.35,4$,4$,1,1,27395.4792709,224.390762499999,227.614132859326,229.0543751,228.912521500002,1.29838864067642,230.554415000002,231.238062802095,3,0.724137931034483,0.275862068965517,21,9,1,232.238062802095
30,1,0,1,2,0,0,2,1,2,1,NaN,0.35,4$,4$,1,1,27395.4792709,232.2481539,234.479771713828,236.0320823,235.892676899999,1.41290518617097,237.5321224,238.280678408159,3,0.733333333333333,0.266666666666667,22,9,1,239.280678408159
31,1,0,1,2,0,0,2,1,0,0,NaN,0.15,4$,2@,0,1,27395.4792709,239.287833300001,244.092140114321,245.5942794,245.8495621,1.75742198567968,247.094319100001,247.595268340894,3,0.709677419354839,0.290322580645161,23,9,0,248.595268340894
32,1,0,1,2,0,0,2,1,1,2,NaN,0.5,2@,2@,1,0,27395.4792709,248.598948999999,251.72425255807,253.226749199999,253.386972600001,1.66272004193161,254.726787300002,256.121486632481,3,0.71875,0.28125,23,10,0,257.121486632481
33,1,0,1,2,0,0,2,1,0,1,NaN,0.5,2@,2@,1,1,27395.4792709,257.137869900002,259.444966842395,261.060229800001,260.917353600002,1.47238675760673,262.560271099999,263.876912842632,3,0.727272727272727,0.272727272727273,24,10,1,264.876912842632
34,1,0,1,2,0,0,2,1,2,0,NaN,0.5,2@,2@,1,1,27395.4792709,264.880473500001,268.444909326456,269.6518951,269.512709499999,1.06780017354322,271.1519352,272.324655865854,3,0.735294117647059,0.264705882352941,25,10,1,273.324655865854
35,1,0,1,2,0,0,2,1,0,2,NaN,0.35,4$,4$,1,1,27395.4792709,273.3361663,275.41362500926,276.646121000002,276.4994071,1.08578209074039,278.146160700002,279.880255640957,3,0.742857142857143,0.257142857142857,26,10,1,280.880255640957
36,1,0,1,2,0,0,2,1,2,0,NaN,0.5,2@,2@,1,1,27395.4792709,280.893161700002,284.467406445059,285.811563800002,285.670712400002,1.20330595494306,287.311604300001,288.797654343391,3,0.75,0.25,27,10,1,289.797654343391
37,1,0,1,2,0,0,2,1,1,2,NaN,0.5,2@,2@,1,1,27395.4792709,289.818268700001,293.226667409872,294.7289361,295.2184858,1.99181839012817,296.228976000002,297.646938626567,3,0.756756756756757,0.243243243243243,28,10,1,298.646938626567
38,1,0,1,2,0,0,2,1,0,1,NaN,0.5,2@,2@,1,1,27395.4792709,298.659690799999,302.324011401946,303.9080574,303.766625799999,1.44261439805268,305.408097399999,305.854900576316,3,0.763157894736842,0.236842105263158,29,10,1,306.854900576316
39,1,0,1,2,0,0,2,1,1,0,NaN,0.35,4$,4$,1,1,27395.4792709,306.867562399999,308.982817549106,310.356850700002,310.2126923,1.22987475089394,311.856890300001,312.994744099611,3,0.769230769230769,0.230769230769231,30,10,1,313.994744099611
40,1,0,1,2,0,0,2,1,2,2,NaN,0.15,4$,4$,1,1,27395.4792709,314.007241400002,316.954570292117,318.212277000002,318.072658500001,1.11808820788428,319.712316000001,321.401819796494,3,0.775,0.225,31,10,1,322.401819796494
41,1,0,1,2,0,0,2,1,0,1,NaN,0.5,2@,2@,1,1,27395.4792709,322.4150453,326.157310988983,327.618209,327.476736299999,1.31942531101595,329.118248900002,329.683605773826,3,0.780487804878049,0.219512195121951,32,10,1,330.683605773826
42,1,0,1,2,0,0,2,1,2,2,NaN,0.15,4$,4$,1,1,27395.4792709,330.6892682,334.506075799727,335.826666100002,335.683740500001,1.17766470027345,337.3267056,338.771022992911,3,0.785714285714286,0.214285714285714,33,10,1,339.771022992911
43,1,0,1,2,0,0,2,1,0,0,NaN,0.15,4$,4$,1,1,27395.4792709,339.781027100002,342.64530980623,344.205961600001,344.065784599999,1.42047479376924,345.706001400002,346.707277976075,3,0.790697674418605,0.209302325581395,34,10,1,347.707277976075
44,1,0,1,2,0,0,2,1,1,2,NaN,0.5,2@,2@,1,1,27395.4792709,347.7217724,350.409082736667,352.036404099999,351.8907688,1.48168606333275,353.536445199999,354.240677819686,3,0.795454545454545,0.204545454545455,35,10,1,355.240677819686
45,1,0,1,2,0,0,2,1,2,1,NaN,0.35,4$,4$,1,1,27395.4792709,355.245512100002,359.420589017645,360.7203649,360.5775087,1.15691968235478,362.220419100002,363.262463203384,3,0.8,0.2,36,10,1,364.262463203384
46,1,0,1,2,0,0,2,1,1,2,NaN,0.5,2@,4$,0,1,27395.4792709,364.270417700001,368.12921611737,369.631539099999,370.283090299999,2.15387418262981,371.131577799999,372.259925370745,3,0.782608695652174,0.217391304347826,37,10,0,373.259925370745
47,1,0,1,2,0,0,2,1,2,1,NaN,0.35,4$,4$,1,1,27395.4792709,373.2634956,376.336563018158,377.930901399999,377.790518100002,1.45395508184447,379.430941499999,380.772043298515,3,0.787234042553192,0.212765957446808,37,11,1,381.772043298515
48,1,0,1,2,0,0,2,1,1,0,NaN,0.35,4$,4$,1,0,27395.4792709,381.786681600002,384.238638329804,385.599053400001,385.4598458,1.22120747019653,387.099093200002,388.263595242479,3,0.791666666666667,0.208333333333333,38,11,0,389.263595242479
49,1,0,1,2,0,0,2,1,0,2,NaN,0.35,4$,4$,1,1,27395.4792709,389.277073199999,392.248823840906,393.562749500001,393.421535699999,1.1727118590934,395.062790300002,396.573394729516,3,0.795918367346939,0.204081632653061,39,11,1,397.573394729516
50,1,0,1,2,0,0,2,1,2,1,NaN,0.35,4$,4$,1,1,27395.4792709,397.584654900002,399.886442357849,401.3888023,401.4856746,1.59923224215163,402.888842,403.832560828978,3,0.8,0.2,40,11,1,404.832560828978
51,1,0,1,2,0,0,2,1,1,0,NaN,0.35,4$,4$,1,1,27395.4792709,404.841536600001,409.011252390901,410.475737600002,410.3308354,1.31958300909901,411.976065300001,412.941407951235,3,0.803921568627451,0.196078431372549,41,11,1,413.941407951235
52,1,0,1,2,0,0,2,1,0,2,NaN,0.35,4$,4$,1,1,27395.4792709,413.949960400001,417.397870670273,418.581918800002,418.440804400001,1.04293372972825,420.081958800001,421.556504846703,3,0.807692307692308,0.192307692307692,42,11,1,422.556504846703
53,1,0,1,2,0,0,2,1,2,0,NaN,0.5,2@,2@,1,1,27395.4792709,422.5603204,425.754183144461,426.8539495,426.707573800002,0.953390655540716,428.353989700001,429.845843802123,3,0.811320754716981,0.188679245283019,43,11,1,430.845843802123
54,1,0,1,2,0,0,2,1,0,1,NaN,0.5,2@,2@,1,0,27395.4792709,430.850182000002,433.363370328774,434.865655199999,434.9517949,1.58842457122591,436.3656954,437.796252961667,3,0.814814814814815,0.185185185185185,44,11,0,438.796252961667
55,1,0,1,2,0,0,2,1,1,2,NaN,0.5,2@,2@,1,1,27395.4792709,438.8062651,443.685767198298,444.887779500001,444.739889700002,1.05412250170411,446.3878205,448.165567022719,3,0.818181818181818,0.181818181818182,45,11,1,449.165567022719
56,1,0,1,2,0,0,2,1,0,1,NaN,0.5,2@,2@,1,1,27395.4792709,449.182640300001,451.766510503428,453.354413699999,453.207927800002,1.44141729657349,454.854454600001,455.647441018365,3,0.821428571428571,0.178571428571429,46,11,1,456.647441018365
57,1,0,1,2,0,0,2,1,2,0,NaN,0.5,2@,2@,1,1,27395.4792709,456.6563193,458.814320090933,459.898923200002,459.753884100002,0.939564009069727,461.398965100001,462.374612279044,3,0.824561403508772,0.175438596491228,47,11,1,463.374612279044
58,1,0,1,2,0,0,2,1,1,2,NaN,0.5,2@,2@,1,1,27395.4792709,463.379143300001,466.157190507205,467.6595915,467.7499995,1.59280899279474,469.159632800001,470.0835291523,3,0.827586206896552,0.172413793103448,48,11,1,471.0835291523
59,1,0,1,2,0,0,2,1,2,0,NaN,0.5,2@,2@,1,0,27395.4792709,471.087568999999,474.088986516221,475.036505700002,474.891864500001,0.80287798378049,476.536550299999,478.343370157523,3,0.830508474576271,0.169491525423729,49,11,0,479.343370157523
60,1,0,1,2,0,0,2,1,1,1,NaN,0.15,4$,2@,0,0,27395.4792709,479.360603100002,482.778097941431,484.280446700002,484.7982152,2.02011725856937,485.780487200002,486.628554401985,3,0.816666666666667,0.183333333333333,50,11,1,487.628554401985
1,2,1,1,2,0,0,2,1,2,NaN,1,0.5,2@,2@,1,1,27949.9664322,0.000939199999265838,2.18384076507209,3.7887023000003,3.99600170000122,1.81216093492912,5.28874160000123,5.88942635894637,3,1,0,1,1,1,6.88942635894637
2,2,1,1,2,0,0,2,1,1,NaN,2,0.5,2@,4$,0,1,27949.9664322,6.8993842000018,10.2359906184938,11.8324481000018,12.415336500002,2.1793458815082,13.3324882000015,14.0016498502191,3,0.5,0.5,2,1,0,15.0016498502191
3,2,1,1,2,0,0,2,1,0,NaN,0,0.5,2@,2@,1,1,27949.9664322,15.007008200002,17.443528420612,19.0398485000005,19.5347316000007,2.09120317938869,20.539888700001,21.5603480441496,3,0.666666666666667,0.333333333333333,2,2,1,22.5603480441496
4,2,1,1,2,0,0,2,1,2,NaN,1,0.5,2@,2@,1,0,27949.9664322,22.5639768000001,27.3100623427817,28.8914570000015,28.9838268000021,1.67376445722039,30.3914965000004,31.1005959384638,3,0.75,0.25,3,2,0,32.1005959384638
5,2,1,1,2,0,0,2,1,1,NaN,0,0.15,4$,4$,1,1,27949.9664322,32.1061745000006,36.8091100800375,38.4123264000009,39.0778919000004,2.2687818199629,39.9123666000014,40.7470836545253,3,0.8,0.2,4,2,1,41.7470836545253
6,2,1,1,2,0,0,2,1,0,NaN,2,0.35,4$,2@,0,0,27949.9664322,41.7654570000013,43.9850804284433,45.5570393000016,45.9835679000025,1.9984874715592,47.0570802000002,48.3555864158916,3,0.666666666666667,0.333333333333333,5,2,1,49.3555864158916
7,2,1,1,2,0,0,2,1,2,NaN,1,0.5,2@,2@,1,1,27949.9664322,49.3722598999993,51.6607249114131,53.2314767000025,53.5166955999994,1.85597068858624,54.7315167000015,55.6148844146119,3,0.714285714285714,0.285714285714286,5,3,1,56.6148844146119
8,2,1,1,2,0,0,2,1,1,NaN,2,0.5,2@,2@,1,1,27949.9664322,56.6290571000027,59.3443584577726,60.9155207000003,61.2567229000015,1.91236444222886,62.4155600000013,63.1151922466888,3,0.75,0.25,6,3,1,64.1151922466888
9,2,1,1,2,0,0,2,1,0,NaN,0,0.5,2@,2@,1,1,27949.9664322,64.1191562000022,66.9512953746671,68.5225711999992,68.8183172999998,1.86702192533266,70.0226110000003,71.0735994479619,3,0.777777777777778,0.222222222222222,7,3,1,72.0735994479619
10,2,1,1,2,0,0,2,1,2,NaN,1,0.5,2@,4$,0,0,27949.9664322,72.0777687000009,74.5125150087551,76.0833659000018,76.1780139000002,1.66549889124508,77.5834065000017,78.6652904440016,3,0.7,0.3,8,3,1,79.6652904440016
11,2,1,1,2,0,0,2,1,1,NaN,2,0.5,2@,2@,1,1,27949.9664322,79.6688649000025,83.4999370326987,85.0710223999995,85.3713266000013,1.87138956730269,86.5710629000023,87.2431832857874,3,0.727272727272727,0.272727272727273,8,4,1,88.2431832857874
12,2,1,1,2,0,0,2,1,2,NaN,0,0.35,4$,2@,0,0,27949.9664322,88.2583560000021,91.5795858145721,93.1884587000022,92.9698639000017,1.3902780854296,94.6884993000021,95.487808475551,3,0.666666666666667,0.333333333333333,9,4,1,96.487808475551
13,2,1,1,2,0,0,2,1,0,NaN,1,0.15,4$,4$,1,1,27949.9664322,96.499255900002,99.6669110225594,101.238673100001,101.319874200002,1.65296317744287,102.738713700001,103.261868590409,3,0.692307692307692,0.307692307692308,9,5,1,104.261868590409
14,2,1,1,2,0,0,2,1,2,NaN,2,0.15,4$,2@,0,0,27949.9664322,104.273158300002,107.052166198097,108.623068100002,109.252021600001,2.19985540190464,110.123108400003,111.472189743396,3,0.642857142857143,0.357142857142857,10,5,1,112.472189743396
15,2,1,1,2,0,0,2,1,0,NaN,0,0.5,2@,2@,1,0,27949.9664322,112.480800100002,115.585443782431,117.156004800003,117.8980987,2.31265491756858,118.6562658,119.189292660132,3,0.666666666666667,0.333333333333333,10,6,0,120.189292660132
16,2,1,1,2,0,0,2,1,1,NaN,1,0.35,4$,2@,0,0,27949.9664322,120.204792300003,122.62003393528,124.190777300002,124.1991327,1.57909876471967,125.6908167,126.519213031592,3,0.625,0.375,11,6,1,127.519213031592
17,2,1,1,2,0,0,2,1,2,NaN,0,0.35,4$,2@,0,1,27949.9664322,127.528044800001,131.230428129711,132.8020124,133.547400300002,2.31697217029068,134.3020588,135.44602510906,3,0.588235294117647,0.411764705882353,11,7,0,136.44602510906
18,2,1,1,2,0,0,2,1,1,NaN,1,0.35,4$,4$,1,1,27949.9664322,136.452984400003,138.456865369255,140.027992900003,140.701140500001,2.24427513074625,141.5280332,142.733037011472,3,0.611111111111111,0.388888888888889,11,8,1,143.733037011472
19,2,1,1,2,0,0,2,1,0,NaN,2,0.35,4$,4$,1,1,27949.9664322,143.7431062,145.971773464458,147.542710500002,147.9042687,1.93249523554186,149.042753000002,149.958635793511,3,0.631578947368421,0.368421052631579,12,8,1,150.958635793511
20,2,1,1,2,0,0,2,1,2,NaN,0,0.35,4$,2@,0,0,27949.9664322,150.9663822,153.358099155481,154.830777000003,154.622973100002,1.26487394452124,156.330817100003,157.00828035043,3,0.6,0.4,13,8,1,158.00828035043
21,2,1,1,2,0,0,2,1,1,NaN,2,0.5,2@,4$,0,0,27949.9664322,158.023103200001,162.474386006579,164.0451135,164.8210726,2.3466865934206,165.545153900002,166.958494532591,3,0.571428571428571,0.428571428571429,13,9,1,167.958494532591
22,2,1,1,2,0,0,2,1,0,NaN,1,0.15,4$,2@,0,1,27949.9664322,167.9654219,171.024427782708,172.5959735,172.631520500003,1.60709271729502,174.096012600003,175.221032993759,3,0.545454545454545,0.454545454545455,13,10,0,176.221032993759
23,2,1,1,2,0,0,2,1,2,NaN,0,0.35,4$,2@,0,0,27949.9664322,176.224520700001,179.122772490871,180.592918500002,180.383061100001,1.26028860912993,182.092960800001,182.986166012739,3,0.521739130434783,0.478260869565217,13,11,1,183.986166012739
24,2,1,1,2,0,0,2,1,0,NaN,2,0.35,4$,2@,0,0,27949.9664322,183.997021900002,187.71034376806,189.2811803,189.677175100001,1.96683133194165,190.781219200002,191.414607646944,3,0.5,0.5,13,12,1,192.414607646944
25,2,1,1,2,0,0,2,1,1,NaN,1,0.35,4$,2@,0,1,27949.9664322,192.4215606,196.075463950143,197.646694000003,198.341579200001,2.26611524985856,199.146733100002,199.663326993821,3,0.48,0.52,13,13,0,200.663326993821
26,2,1,1,2,0,0,2,1,2,NaN,2,0.15,4$,2@,0,0,27949.9664322,200.679313799999,204.803059183898,206.373975800001,206.727112600001,1.92405341610356,207.874029300001,208.636235618873,3,0.461538461538462,0.538461538461538,13,14,1,209.636235618873
27,2,1,1,2,0,0,2,1,0,NaN,0,0.5,2@,4$,0,0,27949.9664322,209.639891000003,213.022070300933,214.5928546,215.0888213,2.06675099906715,216.092895100002,217.066535408117,3,0.444444444444444,0.555555555555556,13,15,1,218.066535408117
28,2,1,1,2,0,0,2,1,1,NaN,1,0.35,4$,4$,1,1,27949.9664322,218.078701300001,221.693411536555,223.263896300003,223.869248499999,2.17583696344445,224.7639356,225.678605451107,3,0.464285714285714,0.535714285714286,13,16,1,226.678605451107
29,2,1,1,2,0,0,2,1,0,NaN,0,0.5,2@,4$,0,0,27949.9664322,226.686609300003,231.224553128664,232.795954700003,233.401488700001,2.1769355713368,234.2959935,235.004614295991,3,0.448275862068966,0.551724137931034,14,16,1,236.004614295991
30,2,1,1,2,0,0,2,1,1,NaN,2,0.5,2@,2@,1,1,27949.9664322,236.0119638,239.662191076783,241.233088700003,241.6589269,1.99673582321702,242.733129200002,244.042849149406,3,0.466666666666667,0.533333333333333,14,17,1,245.042849149406
31,2,1,1,2,0,0,2,1,0,NaN,0,0.5,2@,4$,0,1,27949.9664322,245.053718000003,249.480404858215,251.051481800001,251.813036700001,2.33263184178577,252.551522000002,253.236659996761,3,0.451612903225806,0.548387096774194,15,17,0,254.236659996761
32,2,1,1,2,0,0,2,1,2,NaN,1,0.5,2@,4$,0,0,27949.9664322,254.245583300002,257.240302475759,258.810582500002,259.809252400002,2.5689499242435,260.310621799999,261.158340620193,3,0.4375,0.5625,15,18,1,262.158340620193
33,2,1,1,2,0,0,2,1,1,NaN,2,0.5,2@,2@,1,0,27949.9664322,262.1696548,265.545602769576,267.117122600001,268.481190400002,2.93558763042529,268.6171617,269.309790032159,3,0.454545454545455,0.545454545454545,15,19,0,270.309790032159
34,2,1,1,2,0,0,2,1,2,NaN,1,0.5,2@,4$,0,0,27949.9664322,270.327203299999,272.446574406193,274.0176784,274.0350119,1.58843749380685,275.5177234,276.105215004776,3,0.441176470588235,0.558823529411765,16,19,1,277.105215004776
35,2,1,1,2,0,0,2,1,1,NaN,0,0.15,4$,4$,1,1,27949.9664322,277.116828900002,281.102696226149,282.674051400001,283.6480778,2.54538157385105,284.174090100001,284.960605426746,3,0.457142857142857,0.542857142857143,16,20,1,285.960605426746
36,2,1,1,2,0,0,2,1,2,NaN,1,0.5,2@,4$,0,0,27949.9664322,285.975071100002,289.522044102156,291.092794300002,291.482638100002,1.96059399784644,292.592834200001,293.133540127146,3,0.444444444444444,0.555555555555556,17,20,1,294.133540127146
37,2,1,1,2,0,0,2,1,0,NaN,2,0.35,4$,2@,0,0,27949.9664322,294.149362100001,298.977431447634,300.548759600002,301.1052906,2.127859152366,302.048800500001,302.872902631341,3,0.432432432432432,0.567567567567568,17,21,1,303.872902631341
38,2,1,1,2,0,0,2,1,1,NaN,1,0.35,4$,4$,1,1,27949.9664322,303.876663300001,307.968567795226,309.539642400003,310.313526600003,2.34495880477698,311.0397113,311.809292469658,3,0.447368421052632,0.552631578947368,17,22,1,312.809292469658
39,2,1,1,2,0,0,2,1,2,NaN,0,0.35,4$,4$,1,1,27949.9664322,312.8166237,316.309551984865,317.880490800002,318.4175956,2.1080436151351,319.380529900001,319.812130877275,3,0.461538461538462,0.538461538461538,18,22,1,320.812130877275
40,2,1,1,2,0,0,2,1,1,NaN,2,0.5,2@,2@,1,1,27949.9664322,320.8240549,323.187820453357,324.7585397,325.407042999999,2.21922254664241,326.258579600002,327.016512795683,3,0.475,0.525,19,22,1,328.016512795683
41,2,1,1,2,0,0,2,1,0,NaN,0,0.5,2@,4$,0,0,27949.9664322,328.030601900002,331.253204988108,332.824376700002,333.106206700002,1.85300171189374,334.3244189,335.219602366833,3,0.463414634146341,0.536585365853659,20,22,1,336.219602366833
42,2,1,1,2,0,0,2,1,2,NaN,2,0.15,4$,4$,1,0,27949.9664322,336.2234088,339.148396534467,340.719736700001,341.019085899999,1.8706893655326,342.219775100002,343.522218700647,3,0.476190476190476,0.523809523809524,20,23,0,344.522218700647
43,2,1,1,2,0,0,2,1,0,NaN,1,0.15,4$,4$,1,1,27949.9664322,344.529268800001,347.188111327745,348.759906300002,349.790393700001,2.60228237225601,350.259945600003,350.958182441365,3,0.488372093023256,0.511627906976744,21,23,1,351.958182441365
44,2,1,1,2,0,0,2,1,1,NaN,0,0.15,4$,2@,0,0,27949.9664322,351.9695675,356.033824851304,357.6049394,358.384187600001,2.35036274869708,359.1049795,359.662291610748,3,0.477272727272727,0.522727272727273,22,23,1,360.662291610748
45,2,1,1,2,0,0,2,1,0,NaN,2,0.35,4$,2@,0,0,27949.9664322,360.677611999999,362.942738533358,364.5135887,364.899243200001,1.95650466664301,366.013630100002,366.477063227241,3,0.466666666666667,0.533333333333333,22,24,1,367.477063227241
46,2,1,1,2,0,0,2,1,2,NaN,0,0.35,4$,2@,0,1,27949.9664322,367.483920900002,371.946947959619,373.517914300002,374.100640600001,2.15369264038236,375.017953900002,375.678390767698,3,0.456521739130435,0.543478260869565,22,25,0,376.678390767698
47,2,1,1,2,0,0,2,1,1,NaN,2,0.5,2@,4$,0,0,27949.9664322,376.692486100001,380.157621746679,381.728628600002,382.156824199999,1.99920245332032,383.228669300002,384.429637675807,3,0.446808510638298,0.553191489361702,22,26,1,385.429637675807
48,2,1,1,2,0,0,2,1,2,NaN,0,0.35,4$,4$,1,1,27949.9664322,385.433969000002,389.983060548115,391.553971500001,391.894709300002,1.9116487518877,393.054011300002,393.625775807293,3,0.458333333333333,0.541666666666667,22,27,1,394.625775807293
49,2,1,1,2,0,0,2,1,1,NaN,2,0.5,2@,4$,0,0,27949.9664322,394.642453500001,397.621172596322,399.192027900001,399.8894062,2.2682336036778,400.692067600001,401.366870069538,3,0.448979591836735,0.551020408163265,23,27,1,402.366870069538
50,2,1,1,2,0,0,2,1,2,NaN,1,0.5,2@,4$,0,0,27949.9664322,402.383076300001,405.329713296742,406.900317400003,407.417655900001,2.08794260325885,408.400357500002,408.919136933324,3,0.44,0.56,23,28,1,409.919136933324
51,2,1,1,2,0,0,2,1,0,NaN,0,0.5,2@,2@,1,1,27949.9664322,409.923253600002,412.962451424606,414.533620400001,415.144282400001,2.1818309753944,416.033661200003,416.555883927645,3,0.450980392156863,0.549019607843137,23,29,1,417.555883927645
52,2,1,1,2,0,0,2,1,1,NaN,2,0.5,2@,4$,0,0,27949.9664322,417.563703400003,421.186890276756,422.758089800001,423.041382800002,1.85449252324543,424.258129000002,424.714218676221,3,0.442307692307692,0.557692307692308,24,29,1,425.714218676221
53,2,1,1,2,0,0,2,1,2,NaN,1,0.5,2@,2@,1,1,27949.9664322,425.721260800001,428.82650092155,430.397202200002,430.659471700001,1.83297077845054,431.897243200001,432.929604269382,3,0.452830188679245,0.547169811320755,24,30,1,433.929604269382
54,2,1,1,2,0,0,2,1,0,NaN,0,0.5,2@,2@,1,0,27949.9664322,433.945817300002,438.291741312303,439.862477900002,440.354405400001,2.06266408769807,441.362517699999,442.670253888795,3,0.462962962962963,0.537037037037037,25,30,0,443.670253888795
55,2,1,1,2,0,0,2,1,2,NaN,1,0.5,2@,2@,1,1,27949.9664322,443.6739376,446.661624734177,448.2332284,448.311389500002,1.64976476582524,449.733268200001,450.458205601146,3,0.472727272727273,0.527272727272727,26,30,1,451.458205601146
56,2,1,1,2,0,0,2,1,0,NaN,0,0.5,2@,2@,1,1,27949.9664322,451.4619241,454.212854086174,455.784319300001,456.755306999999,2.5424529138254,457.284359900001,458.078203580706,3,0.482142857142857,0.517857142857143,27,30,1,459.078203580706
57,2,1,1,2,0,0,2,1,1,NaN,1,0.35,4$,2@,0,1,27949.9664322,459.085593100001,462.210639626395,463.781314300002,463.7894466,1.57880697360451,465.281355200001,465.980637116907,3,0.473684210526316,0.526315789473684,28,30,0,466.980637116907
58,2,1,1,2,0,0,2,1,0,NaN,2,0.35,4$,2@,0,0,27949.9664322,466.992887800003,471.948293528916,473.5192212,473.9284185,1.98012497108357,475.019262500002,475.810328120533,3,0.46551724137931,0.53448275862069,28,31,1,476.810328120533
59,2,1,1,2,0,0,2,1,1,NaN,1,0.35,4$,4$,1,1,27949.9664322,476.818743600001,479.791762269513,481.3625293,481.889727400001,2.09796513048786,482.862568,483.644455143902,3,0.474576271186441,0.525423728813559,28,32,1,484.644455143902
60,2,1,1,2,0,0,2,1,0,NaN,2,0.35,4$,2@,0,0,27949.9664322,484.6593416,487.161593372795,488.7325136,489.1675736,2.00598022720442,490.232554500002,491.541684189051,3,0.466666666666667,0.533333333333333,29,32,1,492.541684189051
1,3,2,1,2,0,0,2,1,2,1,NaN,0.35,4$,2@,0,0,28665.862104,0.00102709999919171,3.47770013161789,4.68974620000154,4.54990220000036,1.07220206838247,6.18978739999875,7.22228203105988,3,0,1,1,1,1,8.22228203105988
2,3,2,1,2,0,0,2,1,1,0,NaN,0.35,4$,4$,1,0,28665.862104,8.23587090000001,11.1003976227657,12.6031890999984,12.8813894000014,1.78099177723561,14.1032512999991,15.2427180700288,3,0.5,0.5,1,2,0,16.2427180700288
3,3,2,1,2,0,0,2,1,2,1,NaN,0.35,4$,4$,1,1,28665.862104,16.2598030000008,19.3722912481753,20.8746976000002,21.3149152000005,1.94262395182523,22.3747387000003,23.0626988662298,3,0.666666666666667,0.333333333333333,2,2,1,24.0626988662298
4,3,2,1,2,0,0,2,1,0,2,NaN,0.35,4$,4$,1,0,28665.862104,24.067064400002,27.5961483379469,29.0985412000009,29.8238482000015,2.22769986205458,30.5985803000003,31.7658337285575,3,0.75,0.25,3,2,0,32.7658337285575
5,3,2,1,2,0,0,2,1,2,1,NaN,0.35,4$,2@,0,0,28665.862104,32.7751978000015,35.1763284688313,36.7708583999993,36.6330503999998,1.45672193116843,38.2708989999992,38.8159542033063,3,0.6,0.4,4,2,1,39.8159542033063
6,3,2,1,2,0,0,2,1,0,2,NaN,0.35,4$,2@,0,0,28665.862104,39.8317533000009,42.2580048041564,43.7605919000016,43.8235045000001,1.56549969584376,45.2606314000004,45.9824934732169,3,0.5,0.5,4,3,1,46.9824934732169
7,3,2,1,2,0,0,2,1,1,0,NaN,0.35,4$,2@,0,0,28665.862104,46.9882660000003,51.4684016129395,52.9707443000007,53.2871527999996,1.81875118706012,54.4707837999995,55.7760607333694,3,0.428571428571429,0.571428571428571,4,4,1,56.7760607333694
8,3,2,1,2,0,0,2,1,2,2,NaN,0.15,4$,4$,1,1,28665.862104,56.7807279000008,59.4676873441203,60.9705656000006,61.1771219000002,1.70943455587985,62.4706054999988,63.700899745385,3,0.5,0.5,4,5,1,64.700899745385
9,3,2,1,2,0,0,2,1,1,1,NaN,0.15,4$,4$,1,0,28665.862104,64.7215189000017,68.3234503465719,69.8258772000008,70.0828967000016,1.75944635342967,71.3259166999997,72.5387194826799,3,0.555555555555556,0.444444444444444,5,5,0,73.5387194826799
10,3,2,1,2,0,0,2,1,2,0,NaN,0.5,2@,4$,0,0,28665.862104,73.546210200002,77.2160862214805,78.8545746999989,78.7140504999988,1.49796427851834,80.3546146000008,80.7909744867393,3,0.5,0.5,6,5,1,81.7909744867393
11,3,2,1,2,0,0,2,1,1,2,NaN,0.5,2@,2@,1,1,28665.862104,81.8039491000018,83.8103209850306,85.3126746999988,85.7501881999997,1.93986721496913,86.8127141000004,87.7330757702948,3,0.545454545454545,0.454545454545455,6,6,1,88.7330757702948
12,3,2,1,2,0,0,2,1,2,0,NaN,0.5,2@,2@,1,1,28665.862104,88.743791500001,91.6483885658781,93.1510946999988,93.548576000001,1.90018743412293,94.6511476000014,95.5612116684824,3,0.583333333333333,0.416666666666667,7,6,1,96.5612116684824
13,3,2,1,2,0,0,2,1,0,1,NaN,0.5,2@,2@,1,0,28665.862104,96.5675620000002,101.349533172408,102.852156600002,103.2302299,1.88069672759229,104.352196100001,105.473957006263,3,0.615384615384615,0.384615384615385,8,6,0,106.473957006263
14,3,2,1,2,0,0,2,1,2,0,NaN,0.5,2@,2@,1,1,28665.862104,106.4780637,108.873211364938,110.375381500002,110.382070200001,1.50885883506271,111.875421699999,112.469730840734,3,0.642857142857143,0.357142857142857,9,6,1,113.469730840734
15,3,2,1,2,0,0,2,1,0,1,NaN,0.5,2@,4$,0,0,28665.862104,113.483421600002,116.104077388172,117.6064983,117.960896500001,1.85681911182837,119.106541000001,120.129741984689,3,0.6,0.4,10,6,1,121.129741984689
16,3,2,1,2,0,0,2,1,1,2,NaN,0.5,2@,2@,1,0,28665.862104,121.140435900001,124.826389406197,126.3287662,126.357259500001,1.53087009380397,127.8288073,128.820503560259,3,0.625,0.375,10,7,0,129.820503560259
17,3,2,1,2,0,0,2,1,0,0,NaN,0.15,4$,4$,1,1,28665.862104,129.8317565,134.19941888961,135.702200600001,135.817589599999,1.61817071038968,137.202257199999,137.935193115965,3,0.647058823529412,0.352941176470588,11,7,1,138.935193115965
18,3,2,1,2,0,0,2,1,1,2,NaN,0.5,2@,2@,1,1,28665.862104,138.940314200001,142.597129984188,144.099434100001,144.426986999999,1.82985701581129,145.599486800002,147.093492768221,3,0.666666666666667,0.333333333333333,12,7,1,148.093492768221
19,3,2,1,2,0,0,2,1,0,1,NaN,0.5,2@,2@,1,1,28665.862104,148.098743400002,150.188198734526,151.012191000002,150.8649047,0.676705965473957,152.512230299999,154.254664690532,3,0.684210526315789,0.315789473684211,13,7,1,155.254664690532
20,3,2,1,2,0,0,2,1,2,0,NaN,0.5,2@,2@,1,0,28665.862104,155.272236000001,159.323195201643,160.6077305,160.462142600001,1.13894739835814,162.1077707,163.316659546308,3,0.7,0.3,14,7,0,164.316659546308
21,3,2,1,2,0,0,2,1,1,2,NaN,0.5,2@,2@,1,1,28665.862104,164.330492199999,167.906970439995,169.409507299999,169.5542742,1.64730376000443,170.909548899999,171.554844434286,3,0.714285714285714,0.285714285714286,15,7,1,172.554844434286
22,3,2,1,2,0,0,2,1,2,1,NaN,0.35,4$,4$,1,0,28665.862104,172.5715724,174.821857776726,175.9016023,175.762146100002,0.940288323276036,177.401642199999,178.805843788523,3,0.727272727272727,0.272727272727273,16,7,0,179.805843788523
23,3,2,1,2,0,0,2,1,1,2,NaN,0.5,2@,4$,0,0,28665.862104,179.811461400001,182.23581163173,183.738179299999,184.135913900001,1.90010226827144,185.238222,186.472757738997,3,0.695652173913043,0.304347826086957,17,7,1,187.472757738997
24,3,2,1,2,0,0,2,1,2,0,NaN,0.5,2@,2@,1,1,28665.862104,187.4854113,190.134337197494,191.587587000002,191.442086899999,1.30774970250422,193.087636299999,194.000902188844,3,0.708333333333333,0.291666666666667,17,8,1,195.000902188844
25,3,2,1,2,0,0,2,1,0,2,NaN,0.35,4$,4$,1,1,28665.862104,195.0089315,199.331851360301,200.954629600001,200.8102316,1.47838023969962,202.454670899999,202.947099798661,3,0.72,0.28,18,8,1,203.947099798661
26,3,2,1,2,0,0,2,1,2,0,NaN,0.5,2@,2@,1,0,28665.862104,203.950611799999,208.335738915706,209.838072999999,210.430685899999,2.09494698429262,211.338113199999,212.832629255867,3,0.730769230769231,0.269230769230769,19,8,0,213.832629255867
27,3,2,1,2,0,0,2,1,0,2,NaN,0.35,4$,4$,1,1,28665.862104,213.843120500002,217.530857753147,219.033190599999,219.179295500002,1.64843774685505,220.533230199999,221.040700859769,3,0.740740740740741,0.259259259259259,20,8,1,222.040700859769
28,3,2,1,2,0,0,2,1,1,0,NaN,0.35,4$,4$,1,1,28665.862104,222.050685800001,226.893352375402,228.3959799,228.7783218,1.88496942459824,229.8960204,231.341027035625,3,0.75,0.25,21,8,1,232.341027035625
29,3,2,1,2,0,0,2,1,2,2,NaN,0.15,4$,4$,1,0,28665.862104,232.344961899998,235.819457682046,237.2253968,237.084283700002,1.26482601795578,238.725453800002,240.059829646187,3,0.758620689655172,0.241379310344828,22,8,0,241.059829646187
30,3,2,1,2,0,0,2,1,1,0,NaN,0.35,4$,4$,1,1,28665.862104,241.068357600001,244.346177409956,245.9204522,245.7740085,1.42783109004449,247.420494500002,248.635881674563,3,0.766666666666667,0.233333333333333,23,8,1,249.635881674563
31,3,2,1,2,0,0,2,1,2,1,NaN,0.35,4$,4$,1,0,28665.862104,249.642982699999,252.446293077588,253.4627286,253.3213861,0.875093022412329,254.9627702,256.663746807892,3,0.774193548387097,0.225806451612903,24,8,0,257.663746807892
32,3,2,1,2,0,0,2,1,0,0,NaN,0.15,4$,4$,1,1,28665.862104,257.667637499999,260.064744063166,261.5673307,262.540463699999,2.47571963683367,263.067395599999,264.465159721942,3,0.78125,0.21875,25,8,1,265.465159721942
33,3,2,1,2,0,0,2,1,1,1,NaN,0.15,4$,4$,1,0,28665.862104,265.474348899999,268.134572390467,269.5901653,269.446344100001,1.31177170953379,271.090235799998,272.050088603224,3,0.787878787878788,0.212121212121212,26,8,0,273.050088603224
34,3,2,1,2,0,0,2,1,2,0,NaN,0.5,2@,2@,1,1,28665.862104,273.0647073,276.884240842166,278.350654900001,278.208298900001,1.32405805783492,279.850695500001,280.792187066254,3,0.794117647058823,0.205882352941177,27,8,1,281.792187066254
35,3,2,1,2,0,0,2,1,0,1,NaN,0.5,2@,2@,1,1,28665.862104,281.8061318,284.28285442388,285.513759199999,285.369222000001,1.08636757612112,287.013803900001,288.335115024194,3,0.8,0.2,28,8,1,289.335115024194
36,3,2,1,2,0,0,2,1,1,0,NaN,0.35,4$,2@,0,0,28665.862104,289.3463739,292.290555878557,293.422730099999,293.281323300002,0.990767421444616,294.9233485,296.11674032225,3,0.777777777777778,0.222222222222222,29,8,1,297.11674032225
37,3,2,1,2,0,0,2,1,0,1,NaN,0.5,2@,2@,1,0,28665.862104,297.137023300002,300.662518329758,301.703692700001,301.5622688,0.899750470241997,303.203750299999,304.945355737356,3,0.783783783783784,0.216216216216216,29,9,0,305.945355737356
38,3,2,1,2,0,0,2,1,1,2,NaN,0.5,2@,2@,1,1,28665.862104,305.961947799999,308.128169734362,309.6308866,310.251740200001,2.1235704656392,311.130927900002,312.624157787748,3,0.789473684210526,0.210526315789474,30,9,1,313.624157787748
39,3,2,1,2,0,0,2,1,0,1,NaN,0.5,2@,2@,1,1,28665.862104,313.6355649,317.769531868136,318.806099699999,318.661329800001,0.891797931864858,320.306140500001,322.203950835912,3,0.794871794871795,0.205128205128205,31,9,1,323.203950835912
40,3,2,1,2,0,0,2,1,1,2,NaN,0.5,2@,2@,1,1,28665.862104,323.211144000001,326.251910523664,327.660988600001,327.516076100001,1.26416557633638,329.161029499999,330.212661154339,3,0.8,0.2,32,9,1,331.212661154339
41,3,2,1,2,0,0,2,1,0,1,NaN,0.5,2@,2@,1,0,28665.862104,331.218507199999,334.354148853829,335.348959499999,335.208291700001,0.854142846172181,336.8489997,338.139144979705,3,0.804878048780488,0.195121951219512,33,9,0,339.139144979705
42,3,2,1,2,0,0,2,1,2,0,NaN,0.5,2@,2@,1,1,28665.862104,339.1433383,342.807641505318,343.885820899999,343.741359700001,0.933718194683024,345.385861999999,346.642124399546,3,0.80952380952381,0.19047619047619,34,9,1,347.642124399546
43,3,2,1,2,0,0,2,1,0,2,NaN,0.35,4$,4$,1,1,28665.862104,347.6505827,351.978270860112,353.173690200001,353.033421200002,1.05515033988922,354.673752800001,355.499806807216,3,0.813953488372093,0.186046511627907,35,9,1,356.499806807216
44,3,2,1,2,0,0,2,1,2,1,NaN,0.35,4$,4$,1,0,28665.862104,356.508676199999,361.174379185806,362.2881318,362.145333299999,0.970954114192864,363.788173199999,364.897739200496,3,0.818181818181818,0.181818181818182,36,9,0,365.897739200496
45,3,2,1,2,0,0,2,1,1,2,NaN,0.5,2@,2@,1,1,28665.862104,365.902092100001,368.806734985032,370.309567100001,370.507394799999,1.70065981496737,371.809609,372.921361856468,3,0.822222222222222,0.177777777777778,37,9,1,373.921361856468
46,3,2,1,2,0,0,2,1,0,1,NaN,0.5,2@,2@,1,0,28665.862104,373.925050500002,376.680184733312,378.183029299998,378.038334600002,1.35814986668993,379.683070800002,380.338580709984,3,0.826086956521739,0.173913043478261,38,9,0,381.338580709984
47,3,2,1,2,0,0,2,1,2,0,NaN,0.5,2@,2@,1,1,28665.862104,381.348491699999,384.027711455794,385.6125981,385.465464199999,1.43775274420477,387.112639800001,387.67125733534,3,0.829787234042553,0.170212765957447,39,9,1,388.67125733534
48,3,2,1,2,0,0,2,1,1,2,NaN,0.5,2@,2@,1,1,28665.862104,388.6887336,391.36023749876,392.531565900001,392.389404699999,1.02916720123903,394.031610000002,394.860994049734,3,0.833333333333333,0.166666666666667,40,9,1,395.860994049734
49,3,2,1,2,0,0,2,1,0,1,NaN,0.5,2@,2@,1,1,28665.862104,395.878707100001,399.013481097842,399.9647429,399.825474599998,0.811993502156838,401.464784899999,402.875803022536,3,0.836734693877551,0.163265306122449,41,9,1,403.875803022536
50,3,2,1,2,0,0,2,1,2,2,NaN,0.15,4$,2@,0,0,28665.862104,403.886062699999,407.793275411052,408.674639600002,408.534359699999,0.741084288947604,410.174677800002,411.369297217214,3,0.82,0.18,42,9,1,412.369297217214
51,3,2,1,2,0,0,2,1,1,1,NaN,0.15,4$,4$,1,0,28665.862104,412.377112000002,415.279938908821,416.631117299999,416.485442500001,1.20550359117988,418.131159,418.895911936506,3,0.823529411764706,0.176470588235294,42,10,0,419.895911936506
52,3,2,1,2,0,0,2,1,0,0,NaN,0.15,4$,4$,1,0,28665.862104,419.901059,423.716690062491,425.3088542,425.1654929,1.44880283750899,426.8088967,428.132961052186,3,0.826923076923077,0.173076923076923,43,10,0,429.132961052186
53,3,2,1,2,0,0,2,1,1,2,NaN,0.5,2@,2@,1,0,28665.862104,429.142899300001,432.317887847057,433.8205647,433.944642999999,1.62675515294177,435.320607099999,436.164277229491,3,0.830188679245283,0.169811320754717,44,10,0,437.164277229491
54,3,2,1,2,0,0,2,1,0,1,NaN,0.5,2@,2@,1,1,28665.862104,437.168170199999,440.172618286259,441.3156991,441.173509799999,1.0008915137405,442.8157422,444.564768876022,3,0.833333333333333,0.166666666666667,45,10,1,445.564768876022
55,3,2,1,2,0,0,2,1,2,0,NaN,0.5,2@,2@,1,1,28665.862104,445.574733599999,449.305636529298,450.591340800001,450.447441100001,1.14180457070324,452.091381999999,452.853425804435,3,0.836363636363636,0.163636363636364,46,10,1,453.853425804435
56,3,2,1,2,0,0,2,1,0,2,NaN,0.35,4$,4$,1,1,28665.862104,453.865875,456.213164115889,457.480214200001,457.340551500001,1.12738738411281,458.980256400002,459.82098723084,3,0.839285714285714,0.160714285714286,47,10,1,460.82098723084
57,3,2,1,2,0,0,2,1,2,1,NaN,0.35,4$,4$,1,1,28665.862104,460.838935600001,463.687642359586,464.788696300002,464.648538000001,0.960895640415401,466.2887372,468.005008715827,3,0.842105263157895,0.157894736842105,48,10,1,469.005008715827
58,3,2,1,2,0,0,2,1,1,0,NaN,0.35,4$,2@,0,0,28665.862104,469.013086399998,471.200016943592,472.7024428,472.8493457,1.64932875640807,474.202483900001,475.647850736488,3,0.827586206896552,0.172413793103448,49,10,1,476.647850736488
59,3,2,1,2,0,0,2,1,0,2,NaN,0.35,4$,4$,1,1,28665.862104,476.653467600001,479.561975342633,480.910865000002,480.7645209,1.20254555736756,482.410907400001,483.9030117084,3,0.830508474576271,0.169491525423729,49,11,1,484.9030117084
60,3,2,1,2,0,0,2,1,1,0,NaN,0.35,4$,4$,1,1,28665.862104,484.911223300001,487.568465514203,489.071320899999,489.2397127,1.67124718579726,490.571391599999,491.389802126174,3,0.833333333333333,0.166666666666667,50,11,1,492.389802126174
1,4,3,1,2,0,0,2,1,1,NaN,2,0.5,2@,2@,1,1,29224.4370609,0.000994000001810491,2.35666917563867,3.92801659999895,4.73771269999997,2.3810435243613,5.42806389999896,6.30319008832885,3,1,0,1,1,1,7.30319008832885
2,4,3,1,2,0,0,2,1,2,NaN,0,0.35,4$,2@,0,0,29224.4370609,7.31132419999994,9.6857571432447,11.2566482000002,11.9471620000004,2.26140485675569,12.7568897000019,13.4739621862209,3,0.5,0.5,2,1,1,14.4739621862209
3,4,3,1,2,0,0,2,1,0,NaN,2,0.35,4$,2@,0,1,29224.4370609,14.4845903999994,18.5325576460273,20.1036109000015,20.737681999999,2.20512435397177,21.6036509000005,22.6404668127689,3,0.333333333333333,0.666666666666667,2,2,0,23.6404668127689
4,4,3,1,2,0,0,2,1,2,NaN,0,0.35,4$,2@,0,0,29224.4370609,23.6444408999996,25.8825065051933,27.4530096000017,27.843109100002,1.96060259480873,28.9530531000019,29.3838424375608,3,0.25,0.75,2,3,1,30.3838424375608
5,4,3,1,2,0,0,2,1,0,NaN,1,0.15,4$,4$,1,1,29224.4370609,30.3994218000007,32.9189054441049,34.4899962000018,35.3115265999986,2.39262115589372,35.9900366000002,36.6469396251086,3,0.4,0.6,2,4,1,37.6469396251086
6,4,3,1,2,0,0,2,1,2,NaN,2,0.15,4$,2@,0,0,29224.4370609,37.6560304000013,40.7619246493268,42.3328445000006,43.1727191999998,2.41079455067302,43.8328855,44.7778111970656,3,0.333333333333333,0.666666666666667,3,4,1,45.7778111970656
7,4,3,1,2,0,0,2,1,1,NaN,1,0.35,4$,2@,0,0,29224.4370609,45.7816738000001,50.0298976355043,51.6011273000004,52.8412530999994,2.81135546449514,53.1011674000001,53.8209475987424,3,0.285714285714286,0.714285714285714,3,5,1,54.8209475987424
8,4,3,1,2,0,0,2,1,0,NaN,0,0.5,2@,2@,1,1,29224.4370609,54.8388951000015,57.0070114277623,58.5775710999987,59.4148239999995,2.40781257223716,60.0778046999985,60.5387682258879,3,0.375,0.625,3,6,1,61.5387682258879
9,4,3,1,2,0,0,2,1,1,NaN,2,0.5,2@,2@,1,1,29224.4370609,61.5448824999985,65.5935976644687,67.1647688000012,67.4577454999999,1.86414783553118,68.6648099000013,70.0227330157286,3,0.444444444444444,0.555555555555556,4,6,1,71.0227330157286
10,4,3,1,2,0,0,2,1,0,NaN,0,0.5,2@,2@,1,1,29224.4370609,71.0372200999991,73.9982115087951,75.5693651000001,76.4616034999999,2.46339199120484,77.0694067000004,77.8976915192507,3,0.5,0.5,5,6,1,78.8976915192507
11,4,3,1,2,0,0,2,1,1,NaN,2,0.5,2@,2@,1,1,29224.4370609,78.9110494000015,81.1191903592153,82.6903843,83.3622682999994,2.24307794078413,84.1904676000013,85.0423519528849,3,0.545454545454545,0.454545454545455,6,6,1,86.0423519528849
12,4,3,1,2,0,0,2,1,0,NaN,0,0.5,2@,2@,1,1,29224.4370609,86.0509808999996,88.4578858961468,90.0288518999987,90.4202366999998,1.96235080385304,91.5288914000012,92.8312402443407,3,0.583333333333333,0.416666666666667,7,6,1,93.8312402443407
13,4,3,1,2,0,0,2,1,2,NaN,1,0.5,2@,2@,1,1,29224.4370609,93.8414755000013,97.6953151824855,99.2663933000003,99.6646829000019,1.96936771751643,100.7664358,101.767751132142,3,0.615384615384615,0.384615384615385,8,6,1,102.767751132142
14,4,3,1,2,0,0,2,1,1,NaN,0,0.15,4$,4$,1,1,29224.4370609,102.783221599999,107.010615331103,108.582158699999,109.145337900001,2.13472256889872,110.0821989,110.541957264733,3,0.642857142857143,0.357142857142857,9,6,1,111.541957264733
15,4,3,1,2,0,0,2,1,2,NaN,1,0.5,2@,2@,1,1,29224.4370609,111.558117100001,114.811839634142,116.382846,116.667218300001,1.85537866585946,117.8828866,118.640898553385,3,0.666666666666667,0.333333333333333,10,6,1,119.640898553385
16,4,3,1,2,0,0,2,1,0,NaN,2,0.35,4$,4$,1,1,29224.4370609,119.648747899999,123.081479370521,124.6530021,125.124350500002,2.04287112948077,126.153046200001,126.717167741208,3,0.6875,0.3125,11,6,1,127.717167741208
17,4,3,1,2,0,0,2,1,1,NaN,1,0.35,4$,4$,1,1,29224.4370609,127.7228526,130.971237557271,132.542542399999,133.046833600001,2.07559604273047,134.042582999999,134.666779965501,3,0.705882352941177,0.294117647058823,12,6,1,135.666779965501
18,4,3,1,2,0,0,2,1,0,NaN,2,0.35,4$,4$,1,1,29224.4370609,135.680371499999,140.13274719589,141.704563499999,142.021641700001,1.88889450411079,143.2046032,144.32981248674,3,0.722222222222222,0.277777777777778,13,6,1,145.32981248674
19,4,3,1,2,0,0,2,1,2,NaN,1,0.5,2@,2@,1,0,29224.4370609,145.339340900002,147.746361789959,149.316978899999,149.546792600002,1.8004308100426,150.8170207,151.919143985509,3,0.736842105263158,0.263157894736842,14,6,0,152.919143985509
20,4,3,1,2,0,0,2,1,0,NaN,0,0.5,2@,2@,1,1,29224.4370609,152.929599499999,156.577623413159,158.1490429,158.864770600001,2.28714718684205,159.649084100001,160.840698661654,3,0.75,0.25,15,6,1,161.840698661654
21,4,3,1,2,0,0,2,1,2,NaN,1,0.5,2@,2@,1,0,29224.4370609,161.854948600001,165.46132136511,167.0322667,167.273946400001,1.81262503489052,168.5323073,169.206293274554,3,0.761904761904762,0.238095238095238,16,6,0,170.206293274554
22,4,3,1,2,0,0,2,1,1,NaN,2,0.5,2@,4$,0,0,29224.4370609,170.212379600001,173.068527612671,174.6396862,175.267343300002,2.19881568733035,176.139726599999,177.049153555246,3,0.727272727272727,0.272727272727273,17,6,1,178.049153555246
23,4,3,1,2,0,0,2,1,2,NaN,0,0.35,4$,2@,0,0,29224.4370609,178.069829600001,182.899561574613,184.471097000001,185.112218300001,2.21265672538721,185.971787800001,186.808600878274,3,0.695652173913043,0.304347826086957,17,7,1,187.808600878274
24,4,3,1,2,0,0,2,1,1,NaN,1,0.35,4$,4$,1,1,29224.4370609,187.812687199999,192.692551933575,194.264217,194.563061500001,1.87050956642634,195.764256599999,196.542718865388,3,0.708333333333333,0.291666666666667,17,8,1,197.542718865388
25,4,3,1,2,0,0,2,1,0,NaN,2,0.35,4$,4$,1,1,29224.4370609,197.554462600001,201.121368392643,202.6921023,203.084834699999,1.9634663073557,204.192142200001,204.994270616291,3,0.72,0.28,18,8,1,205.994270616291
26,4,3,1,2,0,0,2,1,2,NaN,1,0.5,2@,2@,1,1,29224.4370609,206.0123982,209.402772562793,210.9738425,211.130944200002,1.72817163720902,212.473882499999,213.575096436442,3,0.730769230769231,0.269230769230769,19,8,1,214.575096436442
27,4,3,1,2,0,0,2,1,1,NaN,2,0.5,2@,4$,0,0,29224.4370609,214.5868152,216.964562898833,218.535896900001,219.752903200002,2.78834030116923,220.035938500001,220.482170366242,3,0.703703703703704,0.296296296296296,20,8,1,221.482170366242
28,4,3,1,2,0,0,2,1,2,NaN,0,0.35,4$,4$,1,1,29224.4370609,221.493265000001,225.365071720025,226.9359759,227.545679700001,2.18060797997532,228.4360161,229.447029851312,3,0.714285714285714,0.285714285714286,20,9,1,230.447029851312
29,4,3,1,2,0,0,2,1,0,NaN,1,0.15,4$,4$,1,1,29224.4370609,230.4515775,232.731407669187,234.302283000001,235.0027672,2.27135953081233,235.802322,236.499282176355,3,0.724137931034483,0.275862068965517,21,9,1,237.499282176355
30,4,3,1,2,0,0,2,1,2,NaN,0,0.35,4$,4$,1,1,29224.4370609,237.508129000002,242.351815833841,243.9231411,244.222279900001,1.87046406615991,245.4231817,246.350616176438,3,0.733333333333333,0.266666666666667,22,9,1,247.350616176438
31,4,3,1,2,0,0,2,1,0,NaN,2,0.35,4$,2@,0,0,29224.4370609,247.367424100001,252.288039481562,253.859236600001,254.803928500001,2.51588901843934,255.359278,256.448850780092,3,0.709677419354839,0.290322580645161,23,9,1,257.448850780092
32,4,3,1,2,0,0,2,1,1,NaN,1,0.35,4$,4$,1,1,29224.4370609,257.459944000002,262.401958878367,263.973126199999,264.224083600002,1.82212472163519,265.4731675,266.616633052261,3,0.71875,0.28125,23,10,1,267.616633052261
33,4,3,1,2,0,0,2,1,0,NaN,0,0.5,2@,2@,1,1,29224.4370609,267.620715500001,270.156696501614,271.727809700002,271.981836200001,1.82513969838692,273.227850700001,274.169087820934,3,0.727272727272727,0.272727272727273,24,10,1,275.169087820934
34,4,3,1,2,0,0,2,1,1,NaN,2,0.5,2@,2@,1,1,29224.4370609,275.176362499999,277.585554444711,279.157034299998,279.5235149,1.9379604552887,280.657764,281.362312328409,3,0.735294117647059,0.264705882352941,25,10,1,282.362312328409
35,4,3,1,2,0,0,2,1,2,NaN,1,0.5,2@,2@,1,1,29224.4370609,282.3665745,287.210727455869,288.781942400001,288.915899300002,1.70517184413256,290.281982500001,290.879258277066,3,0.742857142857143,0.257142857142857,26,10,1,291.879258277066
36,4,3,1,2,0,0,2,1,0,NaN,0,0.5,2@,2@,1,1,29224.4370609,291.892018499999,295.565804522252,297.136830200001,297.262563299999,1.69675877774716,298.6368697,299.766115117269,3,0.75,0.25,27,10,1,300.766115117269
37,4,3,1,2,0,0,2,1,2,NaN,2,0.15,4$,4$,1,1,29224.4370609,300.7835237,302.96135264184,304.532141799998,304.7801378,1.81878515816061,306.0321841,306.77475745718,3,0.756756756756757,0.243243243243243,28,10,1,307.77475745718
38,4,3,1,2,0,0,2,1,0,NaN,0,0.5,2@,2@,1,1,29224.4370609,307.790068900002,310.833652277164,312.4047942,312.606202700001,1.7725504228365,313.904834600002,314.367927360392,3,0.763157894736842,0.236842105263158,29,10,1,315.367927360392
39,4,3,1,2,0,0,2,1,2,NaN,1,0.5,2@,2@,1,1,29224.4370609,315.380343000001,317.772967528868,319.3437901,319.3458058,1.57283827113133,320.8438303,321.479800837104,3,0.769230769230769,0.230769230769231,30,10,1,322.479800837104
40,4,3,1,2,0,0,2,1,1,NaN,0,0.15,4$,4$,1,0,29224.4370609,322.4878575,325.09380853135,326.6651342,327.028023300001,1.93421476865115,328.165174000002,328.730231055102,3,0.775,0.225,31,10,0,329.730231055102
41,4,3,1,2,0,0,2,1,0,NaN,1,0.15,4$,4$,1,0,29224.4370609,329.743725799999,332.829292654937,334.400237400001,334.853902800001,2.0246101450648,335.9002812,336.499692337246,3,0.780487804878049,0.219512195121951,32,10,0,337.499692337246
42,4,3,1,2,0,0,2,1,2,NaN,0,0.35,4$,4$,1,1,29224.4370609,337.517628699999,341.103892075316,342.674617699999,342.894236799999,1.79034472468265,344.1746599,344.638450838014,3,0.785714285714286,0.214285714285714,33,10,1,345.638450838014
43,4,3,1,2,0,0,2,1,1,NaN,2,0.5,2@,2@,1,1,29224.4370609,345.643139100001,349.548777626638,351.176047299999,350.960013799999,1.41123617336052,352.676638699999,353.804095721778,3,0.790697674418605,0.209302325581395,34,10,1,354.804095721778
44,4,3,1,2,0,0,2,1,2,NaN,0,0.35,4$,4$,1,1,29224.4370609,354.8169199,359.219435484971,360.7910538,361.0739354,1.85449991502901,362.291097199999,363.412710808967,3,0.795454545454545,0.204545454545455,35,10,1,364.412710808967
45,4,3,1,2,0,0,2,1,1,NaN,2,0.5,2@,2@,1,1,29224.4370609,364.425987300001,369.317446812194,370.888328000001,371.946170899999,2.62872408780458,372.388389200001,372.888695929916,3,0.8,0.2,36,10,1,373.888695929916
46,4,3,1,2,0,0,2,1,2,NaN,1,0.5,2@,2@,1,1,29224.4370609,373.901310900001,378.042435049349,379.613603199999,379.7195483,1.67711325065102,381.113672899999,382.402239439256,3,0.804347826086957,0.195652173913043,37,10,1,383.402239439256
47,4,3,1,2,0,0,2,1,1,NaN,2,0.5,2@,2@,1,1,29224.4370609,383.410123900001,386.755084510532,388.326072799999,388.661865099999,1.90678058946651,389.826115799999,390.920774921924,3,0.808510638297872,0.191489361702128,38,10,1,391.920774921924
48,4,3,1,2,0,0,2,1,2,NaN,1,0.5,2@,2@,1,1,29224.4370609,391.9347337,394.20063281964,395.7718814,395.889906500001,1.6892736803602,397.271956600001,397.7062503911,3,0.8125,0.1875,39,10,1,398.7062503911
49,4,3,1,2,0,0,2,1,1,NaN,0,0.15,4$,2@,0,0,29224.4370609,398.709868900001,401.475722002411,403.0467756,403.056177800001,1.58045579758982,404.546816500002,405.836835379741,3,0.795918367346939,0.204081632653061,40,10,1,406.836835379741
50,4,3,1,2,0,0,2,1,0,NaN,2,0.35,4$,4$,1,1,29224.4370609,406.8485119,411.17654474753,412.747446599999,413.346332699999,2.16978795246905,414.247781099999,415.386041658221,3,0.8,0.2,40,11,1,416.386041658221
51,4,3,1,2,0,0,2,1,2,NaN,1,0.5,2@,2@,1,1,29224.4370609,416.3906221,418.474475426792,420.0457437,420.412465900001,1.93799047320863,421.545788700001,422.624010993906,3,0.803921568627451,0.196078431372549,41,11,1,423.624010993906
52,4,3,1,2,0,0,2,1,0,NaN,0,0.5,2@,2@,1,1,29224.4370609,423.630793799999,426.367741315295,427.9388927,428.293936599999,1.92619528470459,429.4392099,430.560090491468,3,0.807692307692308,0.192307692307692,42,11,1,431.560090491468
53,4,3,1,2,0,0,2,1,1,NaN,1,0.35,4$,4$,1,0,29224.4370609,431.5715853,434.414429671975,435.9856697,436.2072788,1.79284912802541,437.485709299999,438.652662932647,3,0.811320754716981,0.188679245283019,43,11,0,439.652662932647
54,4,3,1,2,0,0,2,1,2,NaN,2,0.15,4$,4$,1,1,29224.4370609,439.662328400002,443.834575095108,445.405810100001,445.626641800001,1.79206670489293,446.905850700001,448.221458455158,3,0.814814814814815,0.185185185185185,44,11,1,449.221458455158
55,4,3,1,2,0,0,2,1,0,NaN,0,0.5,2@,2@,1,1,29224.4370609,449.2380065,452.491055589526,454.062003700001,454.247347699998,1.75629211047271,455.5620456,456.491352445883,3,0.818181818181818,0.181818181818182,45,11,1,457.491352445883
56,4,3,1,2,0,0,2,1,1,NaN,2,0.5,2@,2@,1,1,29224.4370609,457.495544900001,459.855826182426,461.426532199999,461.684696,1.82886981757474,462.926580899999,463.37842639377,3,0.821428571428571,0.178571428571429,46,11,1,464.37842639377
57,4,3,1,2,0,0,2,1,0,NaN,0,0.5,2@,2@,1,1,29224.4370609,464.3852081,468.522711157788,470.093636900001,470.287692500002,1.76498134221401,471.593678100002,472.693042963954,3,0.824561403508772,0.175438596491228,47,11,1,473.693042963954
58,4,3,1,2,0,0,2,1,1,NaN,1,0.35,4$,4$,1,1,29224.4370609,473.710672600002,476.706421641804,478.277426299999,478.417751000001,1.71132935819696,479.777547000002,480.63527658589,3,0.827586206896552,0.172413793103448,48,11,1,481.63527658589
59,4,3,1,2,0,0,2,1,0,NaN,2,0.35,4$,4$,1,1,29224.4370609,481.651222500001,484.685247764533,486.256396500001,486.4701475,1.78489973546675,487.7564389,488.726556036585,3,0.830508474576271,0.169491525423729,49,11,1,489.726556036585
60,4,3,1,2,0,0,2,1,1,NaN,1,0.35,4$,4$,1,1,29224.4370609,489.742227700001,491.898964488864,493.470338200001,493.8307374,1.93177291113534,494.970378400001,495.626450940952,3,0.833333333333333,0.166666666666667,50,11,1,496.626450940952
1,5,4,1,2,0,0,2,1,0,1,NaN,0.5,2@,2@,1,1,29933.2495462,0.00116010000056121,2.96938802887234,4.47203819999777,4.6649980000002,1.69560997112785,5.97207739999794,6.63173926169839,3,1,0,1,1,1,7.63173926169839
2,5,4,1,2,0,0,2,1,2,0,NaN,0.5,2@,2@,1,1,29933.2495462,7.639809100001,10.3870947836476,11.8900594000006,12.1141659999994,1.72707121635176,13.3901000000005,14.0957949223448,3,1,0,2,1,1,15.0957949223448
3,5,4,1,2,0,0,2,1,1,2,NaN,0.5,2@,4$,0,0,29933.2495462,15.113457200001,19.5258726305256,21.0283000999989,21.7642742999997,2.23840166947411,22.5283419999978,23.0401312159956,3,0.666666666666667,0.333333333333333,3,1,1,24.0401312159956
4,5,4,1,2,0,0,2,1,2,1,NaN,0.35,4$,4$,1,1,29933.2495462,24.0551562000001,26.8934729986504,28.2930777000001,28.1501265000006,1.25665350135023,29.7931175999984,30.9625248129596,3,0.75,0.25,3,2,1,31.9625248129596
5,5,4,1,2,0,0,2,1,0,2,NaN,0.35,4$,4$,1,0,29933.2495462,31.9790747999978,36.7227245579852,38.2251901999989,38.3238739999979,1.60114944201268,39.7252512999985,40.5484952866973,3,0.8,0.2,4,2,0,41.5484952866973
6,5,4,1,2,0,0,2,1,1,0,NaN,0.35,4$,2@,0,0,29933.2495462,41.5545474999999,43.7427542930418,45.2451383999978,45.5141053999978,1.77135110695599,46.7451777999995,47.3187417150257,3,0.666666666666667,0.333333333333333,5,2,1,48.3187417150257
7,5,4,1,2,0,0,2,1,0,1,NaN,0.5,2@,4$,0,1,29933.2495462,48.3275532000007,50.3384609910863,51.7651005000007,51.6251765999987,1.28671560891235,53.2651403999989,53.9060991213009,3,0.571428571428571,0.428571428571429,5,3,0,54.9060991213009
8,5,4,1,2,0,0,2,1,1,0,NaN,0.35,4$,2@,0,0,29933.2495462,54.9170583999985,57.1260415874276,58.6285123999987,58.7646357999984,1.63859421257075,60.1285519000012,61.5118658568099,3,0.5,0.5,5,4,1,62.5118658568099
9,5,4,1,2,0,0,2,1,0,1,NaN,0.5,2@,4$,0,1,29933.2495462,62.5241937999999,65.2554097696266,66.6966289000011,66.5530976000009,1.29768783037434,68.196944299998,69.0733737075534,3,0.444444444444444,0.555555555555556,5,5,0,70.0733737075534
10,5,4,1,2,0,0,2,1,1,0,NaN,0.35,4$,4$,1,1,29933.2495462,70.0811275999986,74.5949683609324,76.0977238999985,76.8822757999988,2.28730743906635,77.5977635999989,78.1753396762797,3,0.5,0.5,5,6,1,79.1753396762797
11,5,4,1,2,0,0,2,1,2,2,NaN,0.15,4$,4$,1,1,29933.2495462,79.1897080999988,82.1925159213279,83.6951843999996,83.7151840999977,1.52266817866985,85.1952243999986,85.732291060951,3,0.545454545454545,0.454545454545455,6,6,1,86.732291060951
12,5,4,1,2,0,0,2,1,0,1,NaN,0.5,2@,4$,0,0,29933.2495462,86.7465955000007,90.9216677095537,92.2371158999995,92.0971466999981,1.17547899044439,93.737157399999,94.4918790604424,3,0.5,0.5,7,6,1,95.4918790604424
13,5,4,1,2,0,0,2,1,1,2,NaN,0.5,2@,2@,1,1,29933.2495462,95.504673200001,99.9991499998723,101.552777599998,101.406155099998,1.40700510012539,103.052820099998,103.616898312721,3,0.538461538461538,0.461538461538462,7,7,1,104.616898312721
14,5,4,1,2,0,0,2,1,2,1,NaN,0.35,4$,2@,0,1,29933.2495462,104.629801200001,109.558092272713,110.696272499998,110.548248399999,0.990156127285445,112.196312799999,113.404564477452,3,0.5,0.5,8,7,0,114.404564477452
15,5,4,1,2,0,0,2,1,0,0,NaN,0.15,4$,2@,0,0,29933.2495462,114.422245900001,117.864815318204,119.0442081,118.899108400001,1.03429308179693,120.544248399998,121.510519594176,3,0.466666666666667,0.533333333333333,8,8,1,122.510519594176
16,5,4,1,2,0,0,2,1,1,1,NaN,0.15,4$,4$,1,0,29933.2495462,122.514368199998,127.212110623699,128.292085199999,128.145047800001,0.932937176301493,129.7921274,131.24276647425,3,0.5,0.5,8,9,0,132.24276647425
17,5,4,1,2,0,0,2,1,2,0,NaN,0.5,2@,4$,0,1,29933.2495462,132.255456399998,134.456632164838,135.588043600001,135.446217599998,0.989585435159825,137.088084399998,138.025970596773,3,0.470588235294118,0.529411764705882,9,9,0,139.025970596773
18,5,4,1,2,0,0,2,1,1,2,NaN,0.5,2@,2@,1,1,29933.2495462,139.029702600001,143.506572479277,144.983748499999,144.838279200001,1.33170672072447,146.483790599999,147.061870814476,3,0.5,0.5,9,10,1,148.061870814476
19,5,4,1,2,0,0,2,1,2,0,NaN,0.5,2@,4$,0,0,29933.2495462,148.070040300001,152.077159015244,153.331853799998,153.1882549,1.11109588475665,154.831896399999,156.007414462754,3,0.473684210526316,0.526315789473684,10,10,1,157.007414462754
20,5,4,1,2,0,0,2,1,0,2,NaN,0.35,4$,4$,1,1,29933.2495462,157.028492999998,161.193717045546,162.578166399999,162.436181999998,1.24246495445186,164.078260399998,165.16545787319,3,0.5,0.5,10,11,1,166.16545787319
21,5,4,1,2,0,0,2,1,1,0,NaN,0.35,4$,4$,1,1,29933.2495462,166.1701736,169.554481846579,171.0588498,170.915985299998,1.36150345341957,172.558889600001,173.324941581912,3,0.523809523809524,0.476190476190476,11,11,1,174.324941581912
22,5,4,1,2,0,0,2,1,2,1,NaN,0.35,4$,2@,0,0,29933.2495462,174.329142399998,176.726671385306,177.563113100001,177.420200799999,0.69352941469333,179.063153700001,180.27590163608,3,0.5,0.5,12,11,1,181.27590163608
23,5,4,1,2,0,0,2,1,1,0,NaN,0.35,4$,4$,1,1,29933.2495462,181.284144599998,184.418831123152,185.921665499998,186.194076,1.77524487684786,187.4217063,188.656517854968,3,0.521739130434783,0.478260869565217,12,12,1,189.656517854968
24,5,4,1,2,0,0,2,1,0,2,NaN,0.35,4$,2@,0,1,29933.2495462,189.660164500001,191.979536887789,193.443573699999,193.297959200001,1.31842231221162,194.943615,196.353747699719,3,0.5,0.5,13,12,0,197.353747699719
25,5,4,1,2,0,0,2,1,2,0,NaN,0.5,2@,4$,0,0,29933.2495462,197.3658349,199.987675845186,201.4549014,201.3112812,1.32360535481348,202.954944999998,203.773947748818,3,0.48,0.52,13,13,1,204.773947748818
26,5,4,1,2,0,0,2,1,0,2,NaN,0.35,4$,2@,0,0,29933.2495462,204.789583099999,208.502354347798,209.9605586,209.819275599999,1.3169212522007,211.460599899998,212.028855604887,3,0.461538461538462,0.538461538461538,13,14,1,213.028855604887
27,5,4,1,2,0,0,2,1,2,1,NaN,0.35,4$,2@,0,1,29933.2495462,213.032586699999,216.362886306419,217.399326799998,217.243162999999,0.880276693580527,218.899370200001,220.795780282235,3,0.444444444444444,0.555555555555556,13,15,0,221.795780282235
28,5,4,1,2,0,0,2,1,1,2,NaN,0.5,2@,4$,0,1,29933.2495462,221.8051418,224.492953419285,226.0387868,225.8970386,1.4040851807149,227.538835399999,228.100886494234,3,0.428571428571429,0.571428571428571,13,16,0,229.100886494234
29,5,4,1,2,0,0,2,1,0,0,NaN,0.15,4$,2@,0,0,29933.2495462,229.1119301,232.035075240448,233.262035100001,233.115169099998,1.08009385954938,234.762111199998,235.818279349736,3,0.413793103448276,0.586206896551724,13,17,1,236.818279349736
30,5,4,1,2,0,0,2,1,1,2,NaN,0.5,2@,2@,1,1,29933.2495462,236.8358706,240.685955217163,242.189287699999,242.442252699999,1.75629748283609,243.689459699999,244.361342482334,3,0.433333333333333,0.566666666666667,13,18,1,245.361342482334
31,5,4,1,2,0,0,2,1,0,1,NaN,0.5,2@,4$,0,0,29933.2495462,245.377047099999,248.101965157453,249.6042662,249.731239099998,1.62927394254439,251.104309099999,252.366947789364,3,0.419354838709677,0.580645161290323,14,18,1,253.366947789364
32,5,4,1,2,0,0,2,1,2,0,NaN,0.5,2@,4$,0,0,29933.2495462,253.384456,256.15830275245,257.585196699998,257.438059100001,1.27975634755057,259.0852366,260.505873937862,3,0.40625,0.59375,14,19,1,261.505873937862
33,5,4,1,2,0,0,2,1,0,1,NaN,0.5,2@,4$,0,0,29933.2495462,261.509961299998,265.227140512347,266.549671799999,266.403252100001,1.1761115876543,268.049749400001,269.408257350795,3,0.393939393939394,0.606060606060606,14,20,1,270.408257350795
34,5,4,1,2,0,0,2,1,2,0,NaN,0.5,2@,4$,0,0,29933.2495462,270.416825,273.003419551122,274.475714799999,274.323380599999,1.3199610488773,275.975765299998,276.885634211889,3,0.382352941176471,0.617647058823529,14,21,1,277.885634211889
35,5,4,1,2,0,0,2,1,1,2,NaN,0.5,2@,2@,1,1,29933.2495462,277.8903809,281.198426819636,282.6277161,282.475357799998,1.27693098036252,284.127757499999,284.897235538312,3,0.4,0.6,14,22,1,285.897235538312
36,5,4,1,2,0,0,2,1,0,1,NaN,0.5,2@,2@,1,1,29933.2495462,285.914665699998,288.512662485296,289.601051900001,289.453341599998,0.940679114701197,291.101092599998,292.028719956434,3,0.416666666666667,0.583333333333333,15,22,1,293.028719956434
37,5,4,1,2,0,0,2,1,2,2,NaN,0.15,4$,4$,1,0,29933.2495462,293.037946799999,297.23843228284,298.783527799998,298.634106199999,1.395673917159,300.2835701,301.050721495791,3,0.432432432432432,0.567567567567568,16,22,0,302.050721495791
38,5,4,1,2,0,0,2,1,1,1,NaN,0.15,4$,4$,1,0,29933.2495462,302.0629825,304.055761232496,305.558273300001,306.117123199998,2.06136196750231,307.058319299998,308.509705344524,3,0.447368421052632,0.552631578947368,17,22,0,309.509705344524
39,5,4,1,2,0,0,2,1,2,0,NaN,0.5,2@,2@,1,1,29933.2495462,309.519749200001,311.669168523931,312.876827399999,312.729341399998,1.06017287606664,314.376910200001,315.308366947495,3,0.461538461538462,0.538461538461538,18,22,1,316.308366947495
40,5,4,1,2,0,0,2,1,0,2,NaN,0.35,4$,4$,1,0,29933.2495462,316.326294399998,320.429420809884,321.931922199998,321.943960699999,1.51453989011497,323.431969000001,324.172980097424,3,0.475,0.525,19,22,0,325.172980097424
41,5,4,1,2,0,0,2,1,1,0,NaN,0.35,4$,4$,1,1,29933.2495462,325.184291099999,328.41862454564,329.921428999998,330.240547499998,1.82192295435743,331.4214727,332.880482071261,3,0.48780487804878,0.51219512195122,20,22,1,333.880482071261
42,5,4,1,2,0,0,2,1,0,1,NaN,0.5,2@,2@,1,1,29933.2495462,333.892429,336.697741500102,338.200320699998,338.2424704,1.54472889989847,339.700361799998,340.697620668572,3,0.5,0.5,21,22,1,341.697620668572
43,5,4,1,2,0,0,2,1,2,0,NaN,0.5,2@,2@,1,1,29933.2495462,341.701448100001,344.38224636982,345.838701500001,345.693174100001,1.31092773018099,347.338826499999,348.795170643607,3,0.511627906976744,0.488372093023256,22,22,1,349.795170643607
44,5,4,1,2,0,0,2,1,1,1,NaN,0.15,4$,2@,0,1,29933.2495462,349.8071538,354.335946665622,355.792894399998,355.651166799998,1.31522013437643,357.292935599999,358.663910772764,3,0.5,0.5,23,22,0,359.663910772764
45,5,4,1,2,0,0,2,1,0,2,NaN,0.35,4$,4$,1,1,29933.2495462,359.6679047,362.418439814159,363.920913499998,363.940573100001,1.52213328584185,365.420953299999,366.638740114569,3,0.511111111111111,0.488888888888889,23,23,1,367.638740114569
46,5,4,1,2,0,0,2,1,2,0,NaN,0.5,2@,2@,1,1,29933.2495462,367.657200099999,370.842006945626,372.0788421,371.936188699998,1.09418175437168,373.578881099998,374.526814764518,3,0.521739130434783,0.478260869565217,24,23,1,375.526814764518
47,5,4,1,2,0,0,2,1,0,1,NaN,0.5,2@,2@,1,1,29933.2495462,375.531306099998,377.536059345726,379.038371300001,380.118254500001,2.58219515427481,380.538413300001,381.468794013341,3,0.531914893617021,0.468085106382979,25,23,1,382.468794013341
48,5,4,1,2,0,0,2,1,1,2,NaN,0.5,2@,2@,1,1,29933.2495462,382.472645499998,385.686159207817,387.020873999998,386.875419399999,1.1892601921827,388.520915699999,389.618942073121,3,0.541666666666667,0.458333333333333,26,23,1,390.618942073121
49,5,4,1,2,0,0,2,1,0,1,NaN,0.5,2@,2@,1,0,29933.2495462,390.6283817,394.953704222429,396.504492199998,396.353533900001,1.39982967757169,398.004535199998,399.203586609663,3,0.551020408163265,0.448979591836735,27,23,0,400.203586609663
50,5,4,1,2,0,0,2,1,1,2,NaN,0.5,2@,2@,1,0,29933.2495462,400.220718,402.339951447197,403.891934399999,403.738514299999,1.39856285280257,405.391976799998,406.031126978054,3,0.56,0.44,28,23,0,407.031126978054
51,5,4,1,2,0,0,2,1,2,1,NaN,0.35,4$,2@,0,1,29933.2495462,407.043595200001,411.271127730921,412.769253300001,412.627520099999,1.35639236907809,414.269294199999,414.951518049209,3,0.549019607843137,0.450980392156863,29,23,0,415.951518049209
52,5,4,1,2,0,0,2,1,1,2,NaN,0.5,2@,2@,1,1,29933.2495462,415.968700400001,419.681057848997,421.183754400001,421.4573265,1.77626865100319,422.683796000001,423.928407306517,3,0.557692307692308,0.442307692307692,29,24,1,424.928407306517
53,5,4,1,2,0,0,2,1,0,0,NaN,0.15,4$,2@,0,0,29933.2495462,424.943564999998,428.311680307561,429.526573399999,429.380494000001,1.06881369244002,431.026614899998,432.462436104066,3,0.547169811320755,0.452830188679245,30,24,1,433.462436104066
54,5,4,1,2,0,0,2,1,2,1,NaN,0.35,4$,2@,0,0,29933.2495462,433.4681031,436.329507053732,437.515045799999,437.3724736,1.04296654626887,439.015087299998,440.447513548213,3,0.537037037037037,0.462962962962963,30,25,1,441.447513548213
55,5,4,1,2,0,0,2,1,0,2,NaN,0.35,4$,4$,1,1,29933.2495462,441.458944999998,444.867240790627,446.3051357,446.160301899999,1.2930611093725,447.8051772,448.839336640773,3,0.545454545454545,0.454545454545455,30,26,1,449.839336640773
56,5,4,1,2,0,0,2,1,2,0,NaN,0.5,2@,2@,1,1,29933.2495462,449.850028099998,453.916317744905,455.360245899999,455.208476699998,1.29215895509333,456.860287899999,458.352274895446,3,0.553571428571429,0.446428571428571,31,26,1,459.352274895446
57,5,4,1,2,0,0,2,1,1,2,NaN,0.5,2@,2@,1,0,29933.2495462,459.359047099999,461.532823678397,462.975239799998,462.830579699999,1.29775602160225,464.475282899999,465.441900431688,3,0.56140350877193,0.43859649122807,32,26,0,466.441900431688
58,5,4,1,2,0,0,2,1,2,1,NaN,0.35,4$,4$,1,1,29933.2495462,466.448697299998,470.988353373963,472.360475400001,472.2122982,1.22394482603704,473.860517000001,474.907193620587,3,0.568965517241379,0.431034482758621,33,26,1,475.907193620587
59,5,4,1,2,0,0,2,1,1,0,NaN,0.35,4$,4$,1,1,29933.2495462,475.9242423,478.620667689142,480.1229475,480.375776099998,1.75510841085634,481.622988499999,482.242122659685,3,0.576271186440678,0.423728813559322,34,26,1,483.242122659685
60,5,4,1,2,0,0,2,1,2,2,NaN,0.15,4$,4$,1,0,29933.2495462,483.247567499999,488.04526184755,489.521503199998,489.375526199998,1.33026435244756,491.021544299998,492.30987449965,3,0.583333333333333,0.416666666666667,35,26,0,493.30987449965
1,6,5,1,2,0,0,2,1,1,NaN,0,0.15,4$,2@,0,0,30492.4605575,0.000906000001123175,3.64844503374115,5.23812050000197,5.6612492000022,2.01280416626105,6.73816790000274,7.3656931116966,3,0,1,1,1,1,8.3656931116966
2,6,5,1,2,0,0,2,1,2,NaN,2,0.15,4$,2@,0,0,30492.4605575,8.38157330000104,12.2981425512808,13.8690750000023,14.3115319000026,2.01338934872183,15.3691150000013,16.0515972707435,3,0,1,1,2,1,17.0515972707435
3,6,5,1,2,0,0,2,1,0,NaN,0,0.5,2@,2@,1,1,30492.4605575,17.056341800002,22.0041647879953,23.5751231000031,23.7337961000012,1.72963131200595,25.0758061000015,25.8349917909109,3,0.333333333333333,0.666666666666667,1,3,1,26.8349917909109
4,6,5,1,2,0,0,2,1,2,NaN,1,0.5,2@,2@,1,1,30492.4605575,26.8486732000019,30.6494679899261,32.2249924000025,32.4817547000021,1.832286710076,33.7250362000013,34.7686676656922,3,0.5,0.5,2,3,1,35.7686676656922
5,6,5,1,2,0,0,2,1,1,NaN,2,0.5,2@,2@,1,1,30492.4605575,35.7736880000011,39.341574029404,40.9219040999997,41.1438431999995,1.80226917059554,42.4219456000028,43.2178502245479,3,0.6,0.4,3,3,1,44.2178502245479
6,6,5,1,2,0,0,2,1,0,NaN,1,0.15,4$,4$,1,1,30492.4605575,44.2315257000009,46.713776366003,48.2850754000028,48.5609087000012,1.84713233399816,49.785115900002,50.4530972989742,3,0.666666666666667,0.333333333333333,4,3,1,51.4530972989742
7,6,5,1,2,0,0,2,1,1,NaN,2,0.5,2@,2@,1,1,30492.4605575,51.4567569000028,54.6606481925373,56.2323106000003,56.6070464000004,1.94639820746306,57.7323528000015,58.5122844453508,3,0.714285714285714,0.285714285714286,5,3,1,59.5122844453508
8,6,5,1,2,0,0,2,1,0,NaN,0,0.5,2@,2@,1,1,30492.4605575,59.5290645000023,63.3706752201251,64.9416084000004,65.5206400000025,2.14996477987734,66.4416500000007,67.4220516144414,3,0.75,0.25,6,3,1,68.4220516144414
9,6,5,1,2,0,0,2,1,2,NaN,1,0.5,2@,2@,1,0,30492.4605575,68.4373090000008,71.3288529652382,72.8970932000011,72.6778196000014,1.3489666347632,74.3971471000004,75.2493674418511,3,0.777777777777778,0.222222222222222,7,3,0,76.2493674418511
10,6,5,1,2,0,0,2,1,0,NaN,2,0.35,4$,4$,1,1,30492.4605575,76.2610720000011,80.532437517737,82.1040659000028,82.7227511000019,2.19031358226493,83.6041096000008,84.7003720966095,3,0.8,0.2,8,3,1,85.7003720966095
11,6,5,1,2,0,0,2,1,1,NaN,1,0.35,4$,4$,1,1,30492.4605575,85.704611000001,88.3731587258262,89.9445876999998,90.258582100003,1.88542337417675,91.4446279000003,92.2162280858138,3,0.818181818181818,0.181818181818182,9,3,1,93.2162280858138
12,6,5,1,2,0,0,2,1,2,NaN,0,0.35,4$,4$,1,1,30492.4605575,93.2268204000029,96.2795307641754,97.8509795000027,98.4269606000016,2.14742983582619,99.3510212000001,99.8628058750619,3,0.833333333333333,0.166666666666667,10,3,1,100.862805875062
13,6,5,1,2,0,0,2,1,0,NaN,2,0.35,4$,2@,0,0,30492.4605575,100.867250800002,104.868781299003,106.439842600001,107.029323300001,2.16054200099825,107.939988100003,108.384816769292,3,0.769230769230769,0.230769230769231,11,3,1,109.384816769292
14,6,5,1,2,0,0,2,1,1,NaN,1,0.35,4$,4$,1,0,30492.4605575,109.391755100001,112.912369561047,114.483656500001,115.686910200002,2.77454063895493,115.9836999,116.507249637405,3,0.785714285714286,0.214285714285714,11,4,0,117.507249637405
15,6,5,1,2,0,0,2,1,0,NaN,0,0.5,2@,2@,1,1,30492.4605575,117.516155900001,122.262097784507,123.833539700001,124.0893942,1.82729641549304,125.3335826,126.394525686563,3,0.8,0.2,12,4,1,127.394525686563
16,6,5,1,2,0,0,2,1,1,NaN,2,0.5,2@,2@,1,1,30492.4605575,127.408578100003,131.023137174892,132.5983786,132.7859245,1.76278732510764,134.098419400001,135.400256456312,3,0.8125,0.1875,13,4,1,136.400256456312
17,6,5,1,2,0,0,2,1,2,NaN,1,0.5,2@,2@,1,1,30492.4605575,136.416928300001,141.390248338957,142.9648223,143.2016611,1.81141276104245,144.464862700002,145.145861109253,3,0.823529411764706,0.176470588235294,14,4,1,146.145861109253
18,6,5,1,2,0,0,2,1,1,NaN,2,0.5,2@,4$,0,0,30492.4605575,146.159362600003,148.577683301424,150.149080000003,150.4317883,1.85410499857608,151.6496085,152.571690182023,3,0.777777777777778,0.222222222222222,15,4,1,153.571690182023
19,6,5,1,2,0,0,2,1,2,NaN,0,0.35,4$,4$,1,1,30492.4605575,153.5828573,155.919813288499,157.490982300002,157.799793000002,1.87997971150253,158.991024800001,160.227490097193,3,0.789473684210526,0.210526315789474,15,5,1,161.227490097193
20,6,5,1,2,0,0,2,1,1,NaN,1,0.35,4$,4$,1,1,30492.4605575,161.239998600002,164.331446766053,165.9023705,166.2197973,1.88835053394723,167.4024111,168.109051453252,3,0.8,0.2,16,5,1,169.109051453252
21,6,5,1,2,0,0,2,1,0,NaN,2,0.35,4$,2@,0,0,30492.4605575,169.1138359,171.412279966415,172.983725400001,173.2313153,1.81903533358491,174.483765600002,175.006242665313,3,0.761904761904762,0.238095238095238,17,5,1,176.006242665313
22,6,5,1,2,0,0,2,1,2,NaN,0,0.35,4$,4$,1,1,30492.4605575,176.020370500002,179.010998685771,180.582401800002,180.7318839,1.72088521422847,182.0824431,182.895142218382,3,0.772727272727273,0.227272727272727,17,6,1,183.895142218382
23,6,5,1,2,0,0,2,1,0,NaN,2,0.35,4$,4$,1,1,30492.4605575,183.911171200001,187.534427416718,189.107325600002,189.393712600002,1.85928518328365,190.607366800003,191.075443156689,3,0.782608695652174,0.217391304347826,18,6,1,192.075443156689
24,6,5,1,2,0,0,2,1,2,NaN,1,0.5,2@,2@,1,1,30492.4605575,192.0852524,195.698281247722,197.2694409,197.495340100002,1.79705885228032,198.769480700001,199.835002707201,3,0.791666666666667,0.208333333333333,19,6,1,200.835002707201
25,6,5,1,2,0,0,2,1,0,NaN,0,0.5,2@,2@,1,1,30492.4605575,200.8433573,204.122622168794,205.694337600002,205.836345600001,1.71372343120674,207.194517900003,208.016860403644,3,0.8,0.2,20,6,1,209.016860403644
26,6,5,1,2,0,0,2,1,2,NaN,1,0.5,2@,2@,1,0,30492.4605575,209.034405600003,211.694373375558,213.265288800001,213.489303300001,1.79492992444284,214.7653312,215.391479266502,3,0.807692307692308,0.192307692307692,21,6,0,216.391479266502
27,6,5,1,2,0,0,2,1,0,NaN,2,0.35,4$,4$,1,1,30492.4605575,216.407770000002,219.826427991775,221.397464100002,221.401963600001,1.57553560822635,222.8975307,224.230346876157,3,0.814814814814815,0.185185185185185,22,6,1,225.230346876157
28,6,5,1,2,0,0,2,1,1,NaN,0,0.15,4$,4$,1,1,30492.4605575,225.2343554,228.940858834114,230.511971200001,230.512044500003,1.57118566588906,232.012013800002,233.295985100576,3,0.821428571428571,0.178571428571429,23,6,1,234.295985100576
29,6,5,1,2,0,0,2,1,0,NaN,1,0.15,4$,4$,1,1,30492.4605575,234.307709800003,237.354734374752,238.9253627,238.925437800001,1.57070342524821,240.426802500002,241.495884566208,3,0.827586206896552,0.172413793103448,24,6,1,242.495884566208
30,6,5,1,2,0,0,2,1,1,NaN,2,0.5,2@,4$,0,0,30492.4605575,242.4999412,247.284769677011,248.856449300001,249.160056200002,1.87528652299079,250.3566145,251.015123504174,3,0.8,0.2,25,6,1,252.015123504174
31,6,5,1,2,0,0,2,1,2,NaN,1,0.5,2@,2@,1,1,30492.4605575,252.0241049,255.68290634752,257.254056200003,257.6061343,1.92322795248037,258.754100500002,259.934531646042,3,0.806451612903226,0.193548387096774,25,7,1,260.934531646042
32,6,5,1,2,0,0,2,1,0,NaN,0,0.5,2@,2@,1,0,30492.4605575,260.949071900002,263.602524441525,265.173654300001,265.1737359,1.57121145847486,266.673698400002,267.466351778614,3,0.8125,0.1875,26,7,0,268.466351778614
33,6,5,1,2,0,0,2,1,1,NaN,2,0.5,2@,4$,0,0,30492.4605575,268.472651300002,271.515373014594,273.086436900001,273.485439100001,1.97006608540687,274.586477500001,275.5740601855,3,0.787878787878788,0.212121212121212,27,7,1,276.5740601855
34,6,5,1,2,0,0,2,1,0,NaN,0,0.5,2@,2@,1,1,30492.4605575,276.580199600001,278.990981821829,280.5620929,280.617789700002,1.62680787817226,282.062133900003,282.908617608409,3,0.794117647058823,0.205882352941177,27,8,1,283.908617608409
35,6,5,1,2,0,0,2,1,2,NaN,2,0.15,4$,4$,1,1,30492.4605575,283.920407900001,287.578220461877,289.149204400001,289.685538600002,2.10731813812527,290.6492454,291.583402987802,3,0.8,0.2,28,8,1,292.583402987802
36,6,5,1,2,0,0,2,1,1,NaN,1,0.35,4$,4$,1,1,30492.4605575,292.5951437,296.61596435637,298.1871125,298.393061900002,1.77709754363241,299.687152800001,300.215815522857,3,0.805555555555556,0.194444444444444,29,8,1,301.215815522857
37,6,5,1,2,0,0,2,1,0,NaN,0,0.5,2@,2@,1,1,30492.4605575,301.2366334,305.452751611592,307.024238800001,307.039413900002,1.58666228840957,308.524282900002,309.469716204701,3,0.810810810810811,0.189189189189189,30,8,1,310.469716204701
38,6,5,1,2,0,0,2,1,1,NaN,2,0.5,2@,2@,1,1,30492.4605575,310.478402800003,313.095890248387,314.667265300002,315.0483073,1.95241705161243,316.168376900001,317.379894057711,3,0.815789473684211,0.184210526315789,31,8,1,318.379894057711
39,6,5,1,2,0,0,2,1,2,NaN,0,0.35,4$,4$,1,1,30492.4605575,318.385842800002,321.407059721831,323.050676400002,322.833003400003,1.42594367817219,324.550717500002,325.697027009279,3,0.82051282051282,0.17948717948718,32,8,1,326.697027009279
40,6,5,1,2,0,0,2,1,1,NaN,1,0.35,4$,4$,1,1,30492.4605575,326.710124200003,329.03996215808,330.611259100002,330.927903900003,1.88794174192299,332.111310300003,332.5945737986,3,0.825,0.175,33,8,1,333.5945737986
41,6,5,1,2,0,0,2,1,0,NaN,2,0.35,4$,4$,1,1,30492.4605575,333.5998597,338.26193126537,339.833186600001,340.581215000002,2.31928373463234,341.3332271,342.109637886755,3,0.829268292682927,0.170731707317073,34,8,1,343.109637886755
42,6,5,1,2,0,0,2,1,2,NaN,0,0.35,4$,4$,1,1,30492.4605575,343.125447100003,348.000974318984,349.3267638,349.111089500002,1.11011518101805,350.8268498,351.90057646163,3,0.833333333333333,0.166666666666667,35,8,1,352.90057646163
43,6,5,1,2,0,0,2,1,1,NaN,1,0.35,4$,4$,1,1,30492.4605575,352.917899400003,356.158550179633,357.7293981,357.8019976,1.64344742036701,359.229443200002,359.882087184913,3,0.837209302325581,0.162790697674419,36,8,1,360.882087184913
44,6,5,1,2,0,0,2,1,2,NaN,0,0.35,4$,4$,1,1,30492.4605575,360.891756200002,363.090877514205,364.6617854,365.026949300001,1.93607178579623,366.161826900003,366.994689186653,3,0.840909090909091,0.159090909090909,37,8,1,367.994689186653
45,6,5,1,2,0,0,2,1,1,NaN,1,0.35,4$,4$,1,1,30492.4605575,367.999683000002,370.245631219223,371.8170856,371.930893700002,1.68526248077978,373.317125700003,374.196466593079,3,0.844444444444444,0.155555555555556,38,8,1,375.196466593079
46,6,5,1,2,0,0,2,1,2,NaN,0,0.35,4$,4$,1,1,30492.4605575,375.204997200002,377.48668749856,379.025666100002,378.8091207,1.32243320143971,380.525706300003,381.922692216638,3,0.847826086956522,0.152173913043478,39,8,1,382.922692216638
47,6,5,1,2,0,0,2,1,0,NaN,1,0.15,4$,4$,1,1,30492.4605575,382.928854100002,387.090248790875,388.662049100003,388.726688800001,1.63644000912609,390.162119800003,391.575623617595,3,0.851063829787234,0.148936170212766,40,8,1,392.575623617595
48,6,5,1,2,0,0,2,1,1,NaN,0,0.15,4$,4$,1,1,30492.4605575,392.587891400002,396.630856196884,398.202555700002,398.315030100002,1.68417390311879,399.702597300002,400.203787366023,3,0.854166666666667,0.145833333333333,41,8,1,401.203787366023
49,6,5,1,2,0,0,2,1,0,NaN,2,0.35,4$,4$,1,0,30492.4605575,401.212589000002,403.345225478261,404.916316700001,405.043948300001,1.69872282174038,406.416357500002,407.539844138624,3,0.857142857142857,0.142857142857143,42,8,0,408.539844138624
50,6,5,1,2,0,0,2,1,2,NaN,1,0.5,2@,2@,1,1,30492.4605575,408.552729900002,410.643759686489,412.213379300003,411.999879500003,1.35611981351394,413.7134214,414.665040983604,3,0.86,0.14,43,8,1,415.665040983604
51,6,5,1,2,0,0,2,1,1,NaN,2,0.5,2@,4$,0,0,30492.4605575,415.675945200001,419.373846591272,420.945659100002,420.996092400001,1.62224580872862,422.445702100002,423.726467099776,3,0.843137254901961,0.156862745098039,44,8,1,424.726467099776
52,6,5,1,2,0,0,2,1,2,NaN,1,0.5,2@,2@,1,1,30492.4605575,424.734368100002,426.842351508381,428.413383400002,428.413455800001,1.57110429161912,429.913425800001,430.459808718824,3,0.846153846153846,0.153846153846154,44,9,1,431.459808718824
53,6,5,1,2,0,0,2,1,0,NaN,0,0.5,2@,2@,1,1,30492.4605575,431.474089800002,433.859410882033,435.4403948,435.224139800001,1.36472891796802,436.940435100001,438.192390213488,3,0.849056603773585,0.150943396226415,45,9,1,439.192390213488
54,6,5,1,2,0,0,2,1,2,NaN,2,0.15,4$,4$,1,1,30492.4605575,439.197784600001,442.453998842171,444.0256491,444.1532037,1.69920485782859,445.525689900001,446.605576137172,3,0.851851851851852,0.148148148148148,46,9,1,447.605576137172
55,6,5,1,2,0,0,2,1,0,NaN,0,0.5,2@,2@,1,1,30492.4605575,447.6223465,451.633956002457,453.3324928,453.116329100001,1.48237309754404,454.832535600002,455.708560791292,3,0.854545454545454,0.145454545454546,47,9,1,456.708560791292
56,6,5,1,2,0,0,2,1,2,NaN,1,0.5,2@,2@,1,1,30492.4605575,456.713918600002,459.178442430275,460.7498696,460.765292800002,1.58685036972747,462.2499112,462.778095610814,3,0.857142857142857,0.142857142857143,48,9,1,463.778095610814
57,6,5,1,2,0,0,2,1,1,NaN,2,0.5,2@,2@,1,0,30492.4605575,463.7872393,466.395599743162,468.070163200002,467.854242600002,1.45864285684002,469.570205300002,470.124054798594,3,0.859649122807018,0.140350877192982,49,9,0,471.124054798594
58,6,5,1,2,0,0,2,1,0,NaN,0,0.5,2@,2@,1,1,30492.4605575,471.128116800002,476.008758513835,477.582305600001,477.363270900001,1.35451238616588,479.082348900003,480.065079653574,3,0.862068965517241,0.137931034482759,50,9,1,481.065079653574
59,6,5,1,2,0,0,2,1,2,NaN,1,0.5,2@,2@,1,1,30492.4605575,481.070011600001,485.965419901488,487.537113100003,487.550427300001,1.58500739851297,489.037152600002,489.692288780865,3,0.864406779661017,0.135593220338983,51,9,1,490.692288780865
60,6,5,1,2,0,0,2,1,1,NaN,2,0.5,2@,4$,0,0,30492.4605575,490.696797800003,494.524972319548,496.095951400002,496.4851457,1.96017338045203,497.595995,498.333906931166,3,0.85,0.15,52,9,1,499.333906931166
