source	name	signal	mean	sem	t	p	dz	cov_pos	cov_neg	p_holm
model7	Caudate / Putamen R	rpe	0.2635250605816696	0.02620153740328348	10.057618242990793	3.045124122548717e-14	1.3206299745519914	1.0	0.0	1.8879769559802045e-12
model7	Caudate / Putamen R	urpe	-0.07855692323415821	0.016112364455820094	-4.875567670378876	9.060336918335095e-06	-0.6401933989636379	0.0004487323311644604	0.1687233565178371	0.00028993078138672305
model7	Caudate / Putamen R	surprise	0.003073965142500892	0.008468768743778417	0.3629766304292085	0.7179649430841237	0.0476611665531012	0.006057886470720216	0.0	1.0
model7	Caudate / Putamen R (2)	rpe	0.2887760832118314	0.027474730220337255	10.510606688253285	5.871358162163542e-15	1.380110271426081	0.7654761904761904	0.0	3.6989556421630317e-13
model7	Caudate / Putamen R (2)	urpe	-0.18289471485630363	0.021269596364622004	-8.598880379343482	7.022450250755605e-12	-1.1290883091990507	0.0	1.0	4.143245647945807e-10
model7	Caudate / Putamen R (2)	surprise	0.005959338320516887	0.011434494157631125	0.5211720114911911	0.6042659760986255	0.06843323773523464	0.0	0.0	1.0
model7	Cingulate Gyrus L	rpe	0.30763218398910086	0.04899151969956631	6.279294577421	4.9964529038504586e-08	0.8245117718365504	0.634850166481687	0.0	2.4482619228867246e-06
model7	Cingulate Gyrus L	urpe	-0.23696349189266042	0.033997801021453396	-6.969965255786131	3.5703335166229565e-09	-0.9152012748934806	0.0	1.0	1.892276763810167e-07
model7	Cingulate Gyrus L	surprise	0.017056306680864244	0.01963788477504022	0.8685409287329575	0.38874062662293685	0.11404501114459517	0.004439511653718091	0.0	1.0
model7	Visual cortex (mid/lat occipital) L	rpe	0.2611271841514924	0.0288399772526859	9.054347784798384	1.2587021817765884e-12	1.1888941094932066	0.9331713244228432	0.0	7.55221309065953e-11
model7	Visual cortex (mid/lat occipital) L	urpe	-0.13814745946575585	0.018467313284733042	-7.48064741934944	5.029012337849419e-10	-0.9822571281160639	0.0	1.0	2.8665370325741688e-08
model7	Visual cortex (mid/lat occipital) L	surprise	0.012933508592264512	0.008806188418756813	1.4686840636655782	0.14741597366756473	0.19284766539784876	0.0425273390036452	0.0	1.0
model7	Middle Temporal Gyrus R	rpe	0.2796939756288912	0.029991700665270144	9.325712427930831	4.556414493173772e-13	1.22452603278718	0.8809182209469153	0.0	2.7794128408360008e-11
model7	Middle Temporal Gyrus R	urpe	-0.15051401157299354	0.02064996796430983	-7.288825427387245	1.0501982978820452e-09	-0.957069666607462	0.0	1.0	5.881110468139453e-08
model7	Middle Temporal Gyrus R	surprise	0.00857726974320649	0.009983672346966139	0.8591297315374107	0.39386769692277745	0.11280926041190847	0.00860832137733142	0.0	1.0
model7	Inferior Parietal Lobule R	rpe	0.04926294468859466	0.03915339619526192	1.2582036164350958	0.2134477889367684	0.165210228685295	0.0	0.0	1.0
model7	Inferior Parietal Lobule R	urpe	-0.1798057464359045	0.029208608838313763	-6.155916135247364	7.978552184112805e-08	-0.808311388702941	0.0	1.0	3.749919526533018e-06
model7	Inferior Parietal Lobule R	surprise	0.0011825908751312332	0.013939468792943836	0.0848375854702484	0.9326877928410497	0.011139720720530146	0.0	0.0	1.0
model7	Postcentral Gyrus R	rpe	0.23258591219433356	0.037740851738371835	6.162709676153361	7.775846230222694e-08	0.809203424325794	0.7581395348837209	0.0	3.732406190506893e-06
model7	Postcentral Gyrus R	urpe	-0.1915925676080479	0.032080210673101794	-5.972297674737279	1.596731367121321e-07	-0.7842011036461677	0.0	1.0	7.1852911520459445e-06
model7	Postcentral Gyrus R	surprise	0.005860662392895109	0.015202855477688581	0.3854974745695704	0.7013038196015664	0.0506182982621619	0.0	0.0	1.0
model7	DLPFC L	rpe	0.26389157260459206	0.03502119132407008	7.535196908713361	4.079135409599412e-10	0.9894198269787599	0.8695652173913043	0.0	2.3658985375676588e-08
model7	DLPFC L	urpe	-0.15375941589006664	0.023727516595075902	-6.480215292399199	2.325426294797351e-08	-0.8508939542079628	0.0	1.0	1.1627131473986756e-06
model7	DLPFC L	surprise	0.05558281751448569	0.013586883762858716	4.090917276147427	0.00013660620268001334	0.5371637546551312	0.15527950310559005	0.0	0.003961579877720387
model7	dmPFC R	rpe	-0.04139973779916285	0.04699449183572318	-0.8809487278611781	0.38204512871024054	-0.11567423498776178	0.0	0.0	1.0
model7	dmPFC R	urpe	0.23654110725457922	0.03386111812059009	6.985626003612223	3.362198867812197e-09	0.9172576318264406	1.0	0.0	1.8155873886185864e-07
model7	dmPFC R	surprise	0.0061158282722619806	0.017396042188241204	0.3515643504472502	0.726461320931892	0.04616266077787383	0.0	0.0	1.0
model7	Superior frontal sulcus R	rpe	-0.0700871594671231	0.04565398855437893	-1.5351815183385689	0.13027181496797122	-0.20157920896521023	0.0	0.0	1.0
model7	Superior frontal sulcus R	urpe	0.22392681733520498	0.04003510729366071	5.5932613266822	6.600186674478089e-07	0.7344311928588791	1.0	0.0	2.508070936301674e-05
model7	Superior frontal sulcus R	surprise	0.026821933131377682	0.017019153373110513	1.575985158800855	0.12056370320565558	0.20693698944200367	0.0	0.0	1.0
model7	Frontal middle gyrus R	rpe	0.07068337202129026	0.0364099529737995	1.9413200580663699	0.05716899315152051	0.2549078118637245	0.0	0.0	1.0
model7	Frontal middle gyrus R	urpe	0.18800928283277685	0.027477949938235328	6.842187399546993	5.826880569595143e-09	0.8984232203922569	1.0	0.0	3.0299778961894744e-07
model7	Frontal middle gyrus R	surprise	-4.530027002325044e-05	0.015514270086815747	-0.002919909848788005	0.9976804476753537	-0.0003834029465163248	0.0	0.0	1.0
model7	Inferior Frontal Gyrus L	rpe	0.20447574572651478	0.03522215273624888	5.805316536376226	2.990785514076774e-07	0.762275406013122	1.0	0.0	1.2262220607714775e-05
model7	Inferior Frontal Gyrus L	urpe	0.05207524393431478	0.03144651608741344	1.655994062730467	0.10321876017375761	0.21744267321401728	0.0	0.0	1.0
model7	Inferior Frontal Gyrus L	surprise	0.021822221074575626	0.010679465123026399	2.0433814636955843	0.045646936088259524	0.26830913096954584	0.0	0.0	1.0
model7	Insula R	rpe	-0.10415146504547682	0.039557728299650645	-2.6328980333887535	0.010876581680905046	-0.34571644884765584	0.0	0.05084745762711865	0.27191454202262616
model7	Insula R	urpe	0.22586211181331736	0.03409721754377307	6.624062843936219	1.3427009569721618e-08	0.8697820630758939	1.0	0.0	6.847774880558025e-07
model7	Insula R	surprise	-0.005564994042443375	0.012378077734967756	-0.44958467393708534	0.6547149568919752	-0.05903335980308016	0.0	0.0	1.0
model7	Inferior Parietal Lobule L	rpe	0.06905407050344936	0.027465083979704243	2.514249384945553	0.014776180316371047	0.330137118056952	0.05555555555555555	0.0	0.35462832759290513
model7	Inferior Parietal Lobule L	urpe	-0.12134708238131175	0.021431540075210323	-5.662079437850238	5.10865238588315e-07	-0.7434674535524981	0.0	1.0	1.9923744304944286e-05
model7	Inferior Parietal Lobule L	surprise	-0.005438098212858024	0.011287847484495106	-0.4817657414602519	0.6318169964084903	-0.06325894098516503	0.0	0.0	1.0
model7	Superior Temporal Gyrus L	rpe	0.23507246724386094	0.039499137656865954	5.951331628704541	1.7279625710690878e-07	0.7814481269304361	0.7532467532467533	0.0	7.430239055597077e-06
model7	Superior Temporal Gyrus L	urpe	-0.16304956141155555	0.03060738616833564	-5.327131187054311	1.7642978125042303e-06	-0.699486593547881	0.0	0.45454545454545453	5.998612562514383e-05
model7	Superior Temporal Gyrus L	surprise	0.07310139526874702	0.012549792069394352	5.824908880125761	2.7789772521248454e-07	0.7648480067822351	1.0	0.0	1.1671704458924351e-05
model7	Precuneus L	rpe	0.24020423358068554	0.05718624540663417	4.200384758129609	9.468178989729683e-05	0.5515375392283475	0.2982456140350877	0.0	0.002840453696918905
model7	Precuneus L	urpe	-0.0887643812704875	0.03937972105689982	-2.2540632307230344	0.028053543411551612	-0.2959730022665034	0.0	0.07017543859649122	0.6452314984656871
model7	Precuneus L	surprise	0.11040664362592699	0.019221195544285065	5.744005016314065	3.762423728542351e-07	0.7542248090205526	1.0	0.0	1.5049694914169405e-05
model7	Insula R (2)	rpe	-0.2360649073249012	0.03955530804350408	-5.9679703938917665	1.6229812982733811e-07	-0.7836329038343612	0.0	1.0	7.1852911520459445e-06
model7	Insula R (2)	urpe	0.14492628040687705	0.037079880969879325	3.90848828572571	0.00024915482789855545	0.5132096546726551	0.11320754716981132	0.0	0.006727180353260997
model7	Insula R (2)	surprise	0.012000475410072277	0.01665143565305131	0.7206871323358378	0.47404744202332305	0.09463085655492165	0.0	0.0	1.0
model7	Insula L	rpe	-0.013644085085129988	0.044147786197324394	-0.30905479663568947	0.7584067097796685	-0.040580882904419364	0.0	0.0	1.0
model7	Insula L	urpe	0.17510426203584914	0.03260949103833586	5.369733058084096	1.5086294589050411e-06	0.705080493265952	1.0	0.0	5.431066052058148e-05
model7	Insula L	surprise	-0.0030236719384244626	0.014501706635439711	-0.208504558424532	0.8355783134878664	-0.02737798980171691	0.0	0.0	1.0
model7	DLPFC L (2)	rpe	0.26905310836957513	0.03796563411338083	7.086753972449745	2.281006902601489e-09	0.9305363846768444	0.967741935483871	0.0	1.254553796430819e-07
model7	DLPFC L (2)	urpe	-0.15361397567042484	0.0299000119031337	-5.137589114281429	3.5252294762181494e-06	-0.6745985000952359	0.0	0.8064516129032258	0.00011633257271519894
model7	DLPFC L (2)	surprise	0.07520326329454095	0.014028603362477831	5.360709213269682	1.5595390688082383e-06	0.7038956043926916	1.0	0.0	5.458386740828834e-05
model7	Inferior parietal lobule R	rpe	0.23281325770554087	0.057763869350735644	4.030430445923303	0.00016696312636223226	0.5292214447434098	0.37037037037037035	0.0	0.004674967538142503
model7	Inferior parietal lobule R	urpe	0.2089453603065049	0.04307759661702867	4.850441452527748	9.910159268181314e-06	0.6368941649263498	1.0	0.0	0.00030721493731362075
model7	Inferior parietal lobule R	surprise	-0.01676168518946664	0.020930398876593627	-0.8008297065093755	0.42655576446906385	-0.10515409208984464	0.0	0.0	1.0
model7	Angular gyrus R	rpe	0.2857051394561609	0.04743201533522004	6.023466163876325	1.3165097670273375e-07	0.7909198554298372	0.9629629629629629	0.0	6.055944928325752e-06
model7	Angular gyrus R	urpe	-0.10514735298202978	0.03291225115322113	-3.194778518568122	0.002281313465739926	-0.41949497105004907	0.0	0.2222222222222222	0.05931415010923807
model7	Angular gyrus R	surprise	0.08478072190573549	0.01576517611171014	5.37772120685424	1.4649329724993061e-06	0.7061293885861124	1.0	0.0	5.420251998247433e-05
